Unnamed: 0,config.activation,config.b_init,config.dataset,config.dnn_architecture,config.dropout,config.epochs,config.epochs_between_checkpoints,config.init_std,config.l2reg,config.learning_rate,config.num_layers,config.num_units,config.optimizer,config.random_seed,config.train_fraction,config.w_init,modeldir,step,test_accuracy,test_loss,train_accuracy,train_loss,laststep
path,relu,zeros,cnn_zoo_new,cnn,0.0,86,20,1.0,0.0,0.0,2,6,adam,0,1.0,he_normal,path,86,0.12666666507720947,2.1578209400177,0.0847092494368553,2.308099881889894,True
path,relu,zeros,cnn_zoo_new,cnn,0.0,86,20,1.0,0.0,0.0,2,6,adam,0,1.0,he_normal,path,86,0.17666666209697723,2.137066125869751,0.0847092494368553,2.308099881889894,True
path,relu,zeros,cnn_zoo_new,cnn,0.0,86,20,1.0,0.0,0.0,2,6,adam,0,1.0,he_normal,path,86,0.10999999940395355,2.2474148273468018,0.0847092494368553,2.308099881889894,True
path,relu,zeros,cnn_zoo_new,cnn,0.0,86,20,1.0,0.0,0.0,2,6,adam,0,1.0,he_normal,path,86,0.11999999731779099,2.193385601043701,0.0847092494368553,2.308099881889894,True
path,relu,zeros,cnn_zoo_new,cnn,0.0,86,20,1.0,0.0,0.0,2,6,adam,0,1.0,he_normal,path,86,0.12999999523162842,2.2633893489837646,0.0847092494368553,2.308099881889894,True
path,relu,zeros,cnn_zoo_new,cnn,0.0,86,20,1.0,0.0,0.0,2,6,adam,0,1.0,he_normal,path,86,0.11999999731779099,2.225480079650879,0.0847092494368553,2.308099881889894,True
path,relu,zeros,cnn_zoo_new,cnn,0.0,86,20,1.0,0.0,0.0,2,6,adam,0,1.0,he_normal,path,86,0.12666666507720947,2.2306344509124756,0.0847092494368553,2.308099881889894,True
path,relu,zeros,cnn_zoo_new,cnn,0.0,86,20,1.0,0.0,0.0,2,6,adam,0,1.0,he_normal,path,86,0.20000000298023224,2.157811164855957,0.0847092494368553,2.308099881889894,True
path,relu,zeros,cnn_zoo_new,cnn,0.0,86,20,1.0,0.0,0.0,2,6,adam,0,1.0,he_normal,path,86,0.17666666209697723,2.207064151763916,0.0847092494368553,2.308099881889894,True
path,relu,zeros,cnn_zoo_new,cnn,0.0,86,20,1.0,0.0,0.0,2,6,adam,0,1.0,he_normal,path,86,0.16333332657814026,2.191769599914551,0.0847092494368553,2.308099881889894,True
path,relu,zeros,cnn_zoo_new,cnn,0.0,86,20,1.0,0.0,0.0,2,6,adam,0,1.0,he_normal,path,86,0.17000000178813934,2.2227375507354736,0.0847092494368553,2.308099881889894,True
path,relu,zeros,cnn_zoo_new,cnn,0.0,86,20,1.0,0.0,0.0,2,6,adam,0,1.0,he_normal,path,86,0.17000000178813934,2.196155309677124,0.0847092494368553,2.308099881889894,True
path,relu,zeros,cnn_zoo_new,cnn,0.0,86,20,1.0,0.0,0.0,2,6,adam,0,1.0,he_normal,path,86,0.23000000417232513,2.116943836212158,0.0847092494368553,2.308099881889894,True
path,relu,zeros,cnn_zoo_new,cnn,0.0,86,20,1.0,0.0,0.0,2,6,adam,0,1.0,he_normal,path,86,0.15333333611488342,2.2247886657714844,0.0847092494368553,2.308099881889894,True
path,relu,zeros,cnn_zoo_new,cnn,0.0,86,20,1.0,0.0,0.0,2,6,adam,0,1.0,he_normal,path,86,0.10333333164453506,2.295398473739624,0.0847092494368553,2.308099881889894,True
path,relu,zeros,cnn_zoo_new,cnn,0.0,86,20,1.0,0.0,0.0,2,6,adam,0,1.0,he_normal,path,86,0.1899999976158142,2.180570602416992,0.0847092494368553,2.308099881889894,True
path,relu,zeros,cnn_zoo_new,cnn,0.0,86,20,1.0,0.0,0.0,2,6,adam,0,1.0,he_normal,path,86,0.1599999964237213,2.273949384689331,0.0847092494368553,2.308099881889894,True
path,relu,zeros,cnn_zoo_new,cnn,0.0,86,20,1.0,0.0,0.0,2,6,adam,0,1.0,he_normal,path,86,0.12999999523162842,2.1337428092956543,0.0847092494368553,2.308099881889894,True
path,relu,zeros,cnn_zoo_new,cnn,0.0,86,20,1.0,0.0,0.0,2,6,adam,0,1.0,he_normal,path,86,0.10333333164453506,2.217103958129883,0.0847092494368553,2.308099881889894,True
path,relu,zeros,cnn_zoo_new,cnn,0.0,86,20,1.0,0.0,0.0,2,6,adam,0,1.0,he_normal,path,86,0.25333333015441895,2.0572454929351807,0.0847092494368553,2.308099881889894,True
path,relu,zeros,cnn_zoo_new,cnn,0.0,86,20,1.0,0.0,0.0,2,6,adam,0,1.0,he_normal,path,86,0.2266666740179062,2.076197624206543,0.0847092494368553,2.308099881889894,True
path,relu,zeros,cnn_zoo_new,cnn,0.0,86,20,1.0,0.0,0.0,2,6,adam,0,1.0,he_normal,path,86,0.10000000149011612,2.272979497909546,0.0847092494368553,2.308099881889894,True
path,relu,zeros,cnn_zoo_new,cnn,0.0,86,20,1.0,0.0,0.0,2,6,adam,0,1.0,he_normal,path,86,0.1133333370089531,2.287578582763672,0.0847092494368553,2.308099881889894,True
path,relu,zeros,cnn_zoo_new,cnn,0.0,86,20,1.0,0.0,0.0,2,6,adam,0,1.0,he_normal,path,86,0.10000000149011612,2.2111449241638184,0.0847092494368553,2.308099881889894,True
path,relu,zeros,cnn_zoo_new,cnn,0.0,86,20,1.0,0.0,0.0,2,6,adam,0,1.0,he_normal,path,86,0.10999999940395355,2.30062198638916,0.0847092494368553,2.308099881889894,True
path,relu,zeros,cnn_zoo_new,cnn,0.0,86,20,1.0,0.0,0.0,2,6,adam,0,1.0,he_normal,path,86,0.2133333384990692,2.1770195960998535,0.0847092494368553,2.308099881889894,True
path,relu,zeros,cnn_zoo_new,cnn,0.0,86,20,1.0,0.0,0.0,2,6,adam,0,1.0,he_normal,path,86,0.15666666626930237,2.2200350761413574,0.0847092494368553,2.308099881889894,True
path,relu,zeros,cnn_zoo_new,cnn,0.0,86,20,1.0,0.0,0.0,2,6,adam,0,1.0,he_normal,path,86,0.20333333313465118,2.108612060546875,0.0847092494368553,2.308099881889894,True
path,relu,zeros,cnn_zoo_new,cnn,0.0,86,20,1.0,0.0,0.0,2,6,adam,0,1.0,he_normal,path,86,0.1366666704416275,2.2162065505981445,0.0847092494368553,2.308099881889894,True
path,relu,zeros,cnn_zoo_new,cnn,0.0,86,20,1.0,0.0,0.0,2,6,adam,0,1.0,he_normal,path,86,0.1433333307504654,2.246183395385742,0.0847092494368553,2.308099881889894,True
path,relu,zeros,cnn_zoo_new,cnn,0.0,86,20,1.0,0.0,0.0,2,6,adam,0,1.0,he_normal,path,86,0.15333333611488342,2.1446852684020996,0.0847092494368553,2.308099881889894,True
path,relu,zeros,cnn_zoo_new,cnn,0.0,86,20,1.0,0.0,0.0,2,6,adam,0,1.0,he_normal,path,86,0.1733333319425583,2.0931527614593506,0.0847092494368553,2.308099881889894,True
path,relu,zeros,cnn_zoo_new,cnn,0.0,86,20,1.0,0.0,0.0,2,6,adam,0,1.0,he_normal,path,86,0.25,2.100832223892212,0.0847092494368553,2.308099881889894,True
path,relu,zeros,cnn_zoo_new,cnn,0.0,86,20,1.0,0.0,0.0,2,6,adam,0,1.0,he_normal,path,86,0.14666666090488434,2.238138198852539,0.0847092494368553,2.308099881889894,True
path,relu,zeros,cnn_zoo_new,cnn,0.0,86,20,1.0,0.0,0.0,2,6,adam,0,1.0,he_normal,path,86,0.1899999976158142,2.2660109996795654,0.0847092494368553,2.308099881889894,True
path,relu,zeros,cnn_zoo_new,cnn,0.0,86,20,1.0,0.0,0.0,2,6,adam,0,1.0,he_normal,path,86,0.1133333370089531,2.216622829437256,0.0847092494368553,2.308099881889894,True
path,relu,zeros,cnn_zoo_new,cnn,0.0,86,20,1.0,0.0,0.0,2,6,adam,0,1.0,he_normal,path,86,0.18333333730697632,2.2682342529296875,0.0847092494368553,2.308099881889894,True
path,relu,zeros,cnn_zoo_new,cnn,0.0,86,20,1.0,0.0,0.0,2,6,adam,0,1.0,he_normal,path,86,0.15333333611488342,2.2171833515167236,0.0847092494368553,2.308099881889894,True
path,relu,zeros,cnn_zoo_new,cnn,0.0,86,20,1.0,0.0,0.0,2,6,adam,0,1.0,he_normal,path,86,0.14666666090488434,2.1768078804016113,0.0847092494368553,2.308099881889894,True
path,relu,zeros,cnn_zoo_new,cnn,0.0,86,20,1.0,0.0,0.0,2,6,adam,0,1.0,he_normal,path,86,0.11999999731779099,2.2800674438476562,0.0847092494368553,2.308099881889894,True
path,relu,zeros,cnn_zoo_new,cnn,0.0,86,20,1.0,0.0,0.0,2,6,adam,0,1.0,he_normal,path,86,0.1366666704416275,2.218219518661499,0.0847092494368553,2.308099881889894,True
path,relu,zeros,cnn_zoo_new,cnn,0.0,86,20,1.0,0.0,0.0,2,6,adam,0,1.0,he_normal,path,86,0.12999999523162842,2.197648286819458,0.0847092494368553,2.308099881889894,True
path,relu,zeros,cnn_zoo_new,cnn,0.0,86,20,1.0,0.0,0.0,2,6,adam,0,1.0,he_normal,path,86,0.12333333492279053,2.2523083686828613,0.0847092494368553,2.308099881889894,True
path,relu,zeros,cnn_zoo_new,cnn,0.0,86,20,1.0,0.0,0.0,2,6,adam,0,1.0,he_normal,path,86,0.17666666209697723,2.1926963329315186,0.0847092494368553,2.308099881889894,True
path,relu,zeros,cnn_zoo_new,cnn,0.0,86,20,1.0,0.0,0.0,2,6,adam,0,1.0,he_normal,path,86,0.17666666209697723,2.131007432937622,0.0847092494368553,2.308099881889894,True
path,relu,zeros,cnn_zoo_new,cnn,0.0,86,20,1.0,0.0,0.0,2,6,adam,0,1.0,he_normal,path,86,0.10999999940395355,2.2596471309661865,0.0847092494368553,2.308099881889894,True
path,relu,zeros,cnn_zoo_new,cnn,0.0,86,20,1.0,0.0,0.0,2,6,adam,0,1.0,he_normal,path,86,0.11666666716337204,2.2593884468078613,0.0847092494368553,2.308099881889894,True
path,relu,zeros,cnn_zoo_new,cnn,0.0,86,20,1.0,0.0,0.0,2,6,adam,0,1.0,he_normal,path,86,0.14666666090488434,2.2663748264312744,0.0847092494368553,2.308099881889894,True
path,relu,zeros,cnn_zoo_new,cnn,0.0,86,20,1.0,0.0,0.0,2,6,adam,0,1.0,he_normal,path,86,0.16333332657814026,2.2234838008880615,0.0847092494368553,2.308099881889894,True
path,relu,zeros,cnn_zoo_new,cnn,0.0,86,20,1.0,0.0,0.0,2,6,adam,0,1.0,he_normal,path,86,0.20999999344348907,2.137906074523926,0.0847092494368553,2.308099881889894,True
path,relu,zeros,cnn_zoo_new,cnn,0.0,86,20,1.0,0.0,0.0,2,6,adam,0,1.0,he_normal,path,86,0.1966666728258133,2.1612367630004883,0.0847092494368553,2.308099881889894,True
path,relu,zeros,cnn_zoo_new,cnn,0.0,86,20,1.0,0.0,0.0,2,6,adam,0,1.0,he_normal,path,86,0.2666666805744171,2.0469958782196045,0.0847092494368553,2.308099881889894,True
path,relu,zeros,cnn_zoo_new,cnn,0.0,86,20,1.0,0.0,0.0,2,6,adam,0,1.0,he_normal,path,86,0.1966666728258133,2.2854421138763428,0.0847092494368553,2.308099881889894,True
path,relu,zeros,cnn_zoo_new,cnn,0.0,86,20,1.0,0.0,0.0,2,6,adam,0,1.0,he_normal,path,86,0.1133333370089531,2.2875053882598877,0.0847092494368553,2.308099881889894,True
path,relu,zeros,cnn_zoo_new,cnn,0.0,86,20,1.0,0.0,0.0,2,6,adam,0,1.0,he_normal,path,86,0.11999999731779099,2.249946355819702,0.0847092494368553,2.308099881889894,True
path,relu,zeros,cnn_zoo_new,cnn,0.0,86,20,1.0,0.0,0.0,2,6,adam,0,1.0,he_normal,path,86,0.18666666746139526,2.203706979751587,0.0847092494368553,2.308099881889894,True
path,relu,zeros,cnn_zoo_new,cnn,0.0,86,20,1.0,0.0,0.0,2,6,adam,0,1.0,he_normal,path,86,0.10333333164453506,2.2804489135742188,0.0847092494368553,2.308099881889894,True
path,relu,zeros,cnn_zoo_new,cnn,0.0,86,20,1.0,0.0,0.0,2,6,adam,0,1.0,he_normal,path,86,0.13333334028720856,2.2246034145355225,0.0847092494368553,2.308099881889894,True
path,relu,zeros,cnn_zoo_new,cnn,0.0,86,20,1.0,0.0,0.0,2,6,adam,0,1.0,he_normal,path,86,0.08666666597127914,2.1929705142974854,0.0847092494368553,2.308099881889894,True
path,relu,zeros,cnn_zoo_new,cnn,0.0,86,20,1.0,0.0,0.0,2,6,adam,0,1.0,he_normal,path,86,0.23000000417232513,2.1832618713378906,0.0847092494368553,2.308099881889894,True
path,relu,zeros,cnn_zoo_new,cnn,0.0,86,20,1.0,0.0,0.0,2,6,adam,0,1.0,he_normal,path,86,0.2199999988079071,2.0574448108673096,0.0847092494368553,2.308099881889894,True
path,relu,zeros,cnn_zoo_new,cnn,0.0,86,20,1.0,0.0,0.0,2,6,adam,0,1.0,he_normal,path,86,0.1733333319425583,2.2252113819122314,0.0847092494368553,2.308099881889894,True
path,relu,zeros,cnn_zoo_new,cnn,0.0,86,20,1.0,0.0,0.0,2,6,adam,0,1.0,he_normal,path,86,0.1066666692495346,2.2490427494049072,0.0847092494368553,2.308099881889894,True
path,relu,zeros,cnn_zoo_new,cnn,0.0,86,20,1.0,0.0,0.0,2,6,adam,0,1.0,he_normal,path,86,0.1733333319425583,2.2169389724731445,0.0847092494368553,2.308099881889894,True
path,relu,zeros,cnn_zoo_new,cnn,0.0,86,20,1.0,0.0,0.0,2,6,adam,0,1.0,he_normal,path,86,0.12333333492279053,2.2170472145080566,0.0847092494368553,2.308099881889894,True
path,relu,zeros,cnn_zoo_new,cnn,0.0,86,20,1.0,0.0,0.0,2,6,adam,0,1.0,he_normal,path,86,0.13333334028720856,2.2183263301849365,0.0847092494368553,2.308099881889894,True
path,relu,zeros,cnn_zoo_new,cnn,0.0,86,20,1.0,0.0,0.0,2,6,adam,0,1.0,he_normal,path,86,0.23000000417232513,2.07000732421875,0.0847092494368553,2.308099881889894,True
path,relu,zeros,cnn_zoo_new,cnn,0.0,86,20,1.0,0.0,0.0,2,6,adam,0,1.0,he_normal,path,86,0.21666666865348816,2.2414464950561523,0.0847092494368553,2.308099881889894,True
path,relu,zeros,cnn_zoo_new,cnn,0.0,86,20,1.0,0.0,0.0,2,6,adam,0,1.0,he_normal,path,86,0.1433333307504654,2.2874181270599365,0.0847092494368553,2.308099881889894,True
path,relu,zeros,cnn_zoo_new,cnn,0.0,86,20,1.0,0.0,0.0,2,6,adam,0,1.0,he_normal,path,86,0.15000000596046448,2.1565475463867188,0.0847092494368553,2.308099881889894,True
path,relu,zeros,cnn_zoo_new,cnn,0.0,86,20,1.0,0.0,0.0,2,6,adam,0,1.0,he_normal,path,86,0.1899999976158142,2.1672446727752686,0.0847092494368553,2.308099881889894,True
path,relu,zeros,cnn_zoo_new,cnn,0.0,86,20,1.0,0.0,0.0,2,6,adam,0,1.0,he_normal,path,86,0.273333340883255,2.2131521701812744,0.0847092494368553,2.308099881889894,True
path,relu,zeros,cnn_zoo_new,cnn,0.0,86,20,1.0,0.0,0.0,2,6,adam,0,1.0,he_normal,path,86,0.20000000298023224,2.278593063354492,0.0847092494368553,2.308099881889894,True
path,relu,zeros,cnn_zoo_new,cnn,0.0,86,20,1.0,0.0,0.0,2,6,adam,0,1.0,he_normal,path,86,0.20000000298023224,2.266327381134033,0.0847092494368553,2.308099881889894,True
path,relu,zeros,cnn_zoo_new,cnn,0.0,86,20,1.0,0.0,0.0,2,6,adam,0,1.0,he_normal,path,86,0.10000000149011612,2.274526596069336,0.0847092494368553,2.308099881889894,True
path,relu,zeros,cnn_zoo_new,cnn,0.0,86,20,1.0,0.0,0.0,2,6,adam,0,1.0,he_normal,path,86,0.1899999976158142,2.27146315574646,0.0847092494368553,2.308099881889894,True
path,relu,zeros,cnn_zoo_new,cnn,0.0,86,20,1.0,0.0,0.0,2,6,adam,0,1.0,he_normal,path,86,0.15000000596046448,2.198061227798462,0.0847092494368553,2.308099881889894,True
path,relu,zeros,cnn_zoo_new,cnn,0.0,86,20,1.0,0.0,0.0,2,6,adam,0,1.0,he_normal,path,86,0.17000000178813934,2.186389684677124,0.0847092494368553,2.308099881889894,True
path,relu,zeros,cnn_zoo_new,cnn,0.0,86,20,1.0,0.0,0.0,2,6,adam,0,1.0,he_normal,path,86,0.11999999731779099,2.279695510864258,0.0847092494368553,2.308099881889894,True
path,relu,zeros,cnn_zoo_new,cnn,0.0,86,20,1.0,0.0,0.0,2,6,adam,0,1.0,he_normal,path,86,0.17000000178813934,2.216580629348755,0.0847092494368553,2.308099881889894,True
path,relu,zeros,cnn_zoo_new,cnn,0.0,86,20,1.0,0.0,0.0,2,6,adam,0,1.0,he_normal,path,86,0.25333333015441895,1.9753018617630005,0.0847092494368553,2.308099881889894,True
path,relu,zeros,cnn_zoo_new,cnn,0.0,86,20,1.0,0.0,0.0,2,6,adam,0,1.0,he_normal,path,86,0.2199999988079071,2.2095155715942383,0.0847092494368553,2.308099881889894,True
path,relu,zeros,cnn_zoo_new,cnn,0.0,86,20,1.0,0.0,0.0,2,6,adam,0,1.0,he_normal,path,86,0.2933333218097687,1.9601495265960693,0.0847092494368553,2.308099881889894,True
path,relu,zeros,cnn_zoo_new,cnn,0.0,86,20,1.0,0.0,0.0,2,6,adam,0,1.0,he_normal,path,86,0.18666666746139526,2.196765899658203,0.0847092494368553,2.308099881889894,True
path,relu,zeros,cnn_zoo_new,cnn,0.0,86,20,1.0,0.0,0.0,2,6,adam,0,1.0,he_normal,path,86,0.14666666090488434,2.231128215789795,0.0847092494368553,2.308099881889894,True
path,relu,zeros,cnn_zoo_new,cnn,0.0,86,20,1.0,0.0,0.0,2,6,adam,0,1.0,he_normal,path,86,0.11666666716337204,2.265674591064453,0.0847092494368553,2.308099881889894,True
path,relu,zeros,cnn_zoo_new,cnn,0.0,86,20,1.0,0.0,0.0,2,6,adam,0,1.0,he_normal,path,86,0.12333333492279053,2.2874772548675537,0.0847092494368553,2.308099881889894,True
path,relu,zeros,cnn_zoo_new,cnn,0.0,86,20,1.0,0.0,0.0,2,6,adam,0,1.0,he_normal,path,86,0.23333333432674408,2.003119707107544,0.0847092494368553,2.308099881889894,True
path,relu,zeros,cnn_zoo_new,cnn,0.0,86,20,1.0,0.0,0.0,2,6,adam,0,1.0,he_normal,path,86,0.1066666692495346,2.2566661834716797,0.0847092494368553,2.308099881889894,True
path,relu,zeros,cnn_zoo_new,cnn,0.0,86,20,1.0,0.0,0.0,2,6,adam,0,1.0,he_normal,path,86,0.10333333164453506,2.2746541500091553,0.0847092494368553,2.308099881889894,True
path,relu,zeros,cnn_zoo_new,cnn,0.0,86,20,1.0,0.0,0.0,2,6,adam,0,1.0,he_normal,path,86,0.12666666507720947,2.2617220878601074,0.0847092494368553,2.308099881889894,True
path,relu,zeros,cnn_zoo_new,cnn,0.0,86,20,1.0,0.0,0.0,2,6,adam,0,1.0,he_normal,path,86,0.21666666865348816,2.1984052658081055,0.0847092494368553,2.308099881889894,True
path,relu,zeros,cnn_zoo_new,cnn,0.0,86,20,1.0,0.0,0.0,2,6,adam,0,1.0,he_normal,path,86,0.20000000298023224,2.178941249847412,0.0847092494368553,2.308099881889894,True
path,relu,zeros,cnn_zoo_new,cnn,0.0,86,20,1.0,0.0,0.0,2,6,adam,0,1.0,he_normal,path,86,0.10333333164453506,2.2563936710357666,0.0847092494368553,2.308099881889894,True
path,relu,zeros,cnn_zoo_new,cnn,0.0,86,20,1.0,0.0,0.0,2,6,adam,0,1.0,he_normal,path,86,0.15000000596046448,2.2538042068481445,0.0847092494368553,2.308099881889894,True
path,relu,zeros,cnn_zoo_new,cnn,0.0,86,20,1.0,0.0,0.0,2,6,adam,0,1.0,he_normal,path,86,0.14666666090488434,2.1825180053710938,0.0847092494368553,2.308099881889894,True
path,relu,zeros,cnn_zoo_new,cnn,0.0,86,20,1.0,0.0,0.0,2,6,adam,0,1.0,he_normal,path,86,0.13333334028720856,2.2786941528320312,0.0847092494368553,2.308099881889894,True
path,relu,zeros,cnn_zoo_new,cnn,0.0,86,20,1.0,0.0,0.0,2,6,adam,0,1.0,he_normal,path,86,0.17666666209697723,2.2612011432647705,0.0847092494368553,2.308099881889894,True
path,relu,zeros,cnn_zoo_new,cnn,0.0,86,20,1.0,0.0,0.0,2,6,adam,0,1.0,he_normal,path,86,0.15666666626930237,2.1968770027160645,0.0847092494368553,2.308099881889894,True
path,relu,zeros,cnn_zoo_new,cnn,0.0,86,20,1.0,0.0,0.0,2,6,adam,0,1.0,he_normal,path,86,0.10999999940395355,2.254429578781128,0.0847092494368553,2.308099881889894,True
path,relu,zeros,cnn_zoo_new,cnn,0.0,86,20,1.0,0.0,0.0,2,6,adam,0,1.0,he_normal,path,86,0.19333332777023315,2.190708637237549,0.0847092494368553,2.308099881889894,True
path,relu,zeros,cnn_zoo_new,cnn,0.0,86,20,1.0,0.0,0.0,2,6,adam,0,1.0,he_normal,path,86,0.1899999976158142,2.1368792057037354,0.0847092494368553,2.308099881889894,True
path,relu,zeros,cnn_zoo_new,cnn,0.0,86,20,1.0,0.0,0.0,2,6,adam,0,1.0,he_normal,path,86,0.14000000059604645,2.208488941192627,0.0847092494368553,2.308099881889894,True
path,relu,zeros,cnn_zoo_new,cnn,0.0,86,20,1.0,0.0,0.0,2,6,adam,0,1.0,he_normal,path,86,0.10999999940395355,2.26005482673645,0.0847092494368553,2.308099881889894,True
path,relu,zeros,cnn_zoo_new,cnn,0.0,86,20,1.0,0.0,0.0,2,6,adam,0,1.0,he_normal,path,86,0.1666666716337204,2.2581164836883545,0.0847092494368553,2.308099881889894,True
path,relu,zeros,cnn_zoo_new,cnn,0.0,86,20,1.0,0.0,0.0,2,6,adam,0,1.0,he_normal,path,86,0.1899999976158142,2.202545642852783,0.0847092494368553,2.308099881889894,True
path,relu,zeros,cnn_zoo_new,cnn,0.0,86,20,1.0,0.0,0.0,2,6,adam,0,1.0,he_normal,path,86,0.19333332777023315,2.079530715942383,0.0847092494368553,2.308099881889894,True
path,relu,zeros,cnn_zoo_new,cnn,0.0,86,20,1.0,0.0,0.0,2,6,adam,0,1.0,he_normal,path,86,0.20333333313465118,2.2659153938293457,0.0847092494368553,2.308099881889894,True
path,relu,zeros,cnn_zoo_new,cnn,0.0,86,20,1.0,0.0,0.0,2,6,adam,0,1.0,he_normal,path,86,0.20000000298023224,2.199101448059082,0.0847092494368553,2.308099881889894,True
path,relu,zeros,cnn_zoo_new,cnn,0.0,86,20,1.0,0.0,0.0,2,6,adam,0,1.0,he_normal,path,86,0.1899999976158142,2.200671911239624,0.0847092494368553,2.308099881889894,True
path,relu,zeros,cnn_zoo_new,cnn,0.0,86,20,1.0,0.0,0.0,2,6,adam,0,1.0,he_normal,path,86,0.17000000178813934,2.1938259601593018,0.0847092494368553,2.308099881889894,True
path,relu,zeros,cnn_zoo_new,cnn,0.0,86,20,1.0,0.0,0.0,2,6,adam,0,1.0,he_normal,path,86,0.1733333319425583,2.2589635848999023,0.0847092494368553,2.308099881889894,True
path,relu,zeros,cnn_zoo_new,cnn,0.0,86,20,1.0,0.0,0.0,2,6,adam,0,1.0,he_normal,path,86,0.1899999976158142,2.1876871585845947,0.0847092494368553,2.308099881889894,True
path,relu,zeros,cnn_zoo_new,cnn,0.0,86,20,1.0,0.0,0.0,2,6,adam,0,1.0,he_normal,path,86,0.1599999964237213,2.2346627712249756,0.0847092494368553,2.308099881889894,True
path,relu,zeros,cnn_zoo_new,cnn,0.0,86,20,1.0,0.0,0.0,2,6,adam,0,1.0,he_normal,path,86,0.1066666692495346,2.2682688236236572,0.0847092494368553,2.308099881889894,True
path,relu,zeros,cnn_zoo_new,cnn,0.0,86,20,1.0,0.0,0.0,2,6,adam,0,1.0,he_normal,path,86,0.17000000178813934,2.1783509254455566,0.0847092494368553,2.308099881889894,True
path,relu,zeros,cnn_zoo_new,cnn,0.0,86,20,1.0,0.0,0.0,2,6,adam,0,1.0,he_normal,path,86,0.17666666209697723,2.2310266494750977,0.0847092494368553,2.308099881889894,True
path,relu,zeros,cnn_zoo_new,cnn,0.0,86,20,1.0,0.0,0.0,2,6,adam,0,1.0,he_normal,path,86,0.18000000715255737,2.150352716445923,0.0847092494368553,2.308099881889894,True
path,relu,zeros,cnn_zoo_new,cnn,0.0,86,20,1.0,0.0,0.0,2,6,adam,0,1.0,he_normal,path,86,0.1066666692495346,2.2228128910064697,0.0847092494368553,2.308099881889894,True
path,relu,zeros,cnn_zoo_new,cnn,0.0,86,20,1.0,0.0,0.0,2,6,adam,0,1.0,he_normal,path,86,0.1599999964237213,2.2487480640411377,0.0847092494368553,2.308099881889894,True
path,relu,zeros,cnn_zoo_new,cnn,0.0,86,20,1.0,0.0,0.0,2,6,adam,0,1.0,he_normal,path,86,0.27000001072883606,1.996638536453247,0.0847092494368553,2.308099881889894,True
path,relu,zeros,cnn_zoo_new,cnn,0.0,86,20,1.0,0.0,0.0,2,6,adam,0,1.0,he_normal,path,86,0.12999999523162842,2.215362071990967,0.0847092494368553,2.308099881889894,True
path,relu,zeros,cnn_zoo_new,cnn,0.0,86,20,1.0,0.0,0.0,2,6,adam,0,1.0,he_normal,path,86,0.15666666626930237,2.251250743865967,0.0847092494368553,2.308099881889894,True
path,relu,zeros,cnn_zoo_new,cnn,0.0,86,20,1.0,0.0,0.0,2,6,adam,0,1.0,he_normal,path,86,0.16333332657814026,2.268881320953369,0.0847092494368553,2.308099881889894,True
path,relu,zeros,cnn_zoo_new,cnn,0.0,86,20,1.0,0.0,0.0,2,6,adam,0,1.0,he_normal,path,86,0.20999999344348907,2.18855619430542,0.0847092494368553,2.308099881889894,True
path,relu,zeros,cnn_zoo_new,cnn,0.0,86,20,1.0,0.0,0.0,2,6,adam,0,1.0,he_normal,path,86,0.1733333319425583,2.111316204071045,0.0847092494368553,2.308099881889894,True
path,relu,zeros,cnn_zoo_new,cnn,0.0,86,20,1.0,0.0,0.0,2,6,adam,0,1.0,he_normal,path,86,0.1133333370089531,2.2618916034698486,0.0847092494368553,2.308099881889894,True
path,relu,zeros,cnn_zoo_new,cnn,0.0,86,20,1.0,0.0,0.0,2,6,adam,0,1.0,he_normal,path,86,0.2266666740179062,2.0936548709869385,0.0847092494368553,2.308099881889894,True
path,relu,zeros,cnn_zoo_new,cnn,0.0,86,20,1.0,0.0,0.0,2,6,adam,0,1.0,he_normal,path,86,0.13333334028720856,2.188185453414917,0.0847092494368553,2.308099881889894,True
path,relu,zeros,cnn_zoo_new,cnn,0.0,86,20,1.0,0.0,0.0,2,6,adam,0,1.0,he_normal,path,86,0.1133333370089531,2.2495293617248535,0.0847092494368553,2.308099881889894,True
path,relu,zeros,cnn_zoo_new,cnn,0.0,86,20,1.0,0.0,0.0,2,6,adam,0,1.0,he_normal,path,86,0.17666666209697723,2.152902126312256,0.0847092494368553,2.308099881889894,True
path,relu,zeros,cnn_zoo_new,cnn,0.0,86,20,1.0,0.0,0.0,2,6,adam,0,1.0,he_normal,path,86,0.09666666388511658,2.2746121883392334,0.0847092494368553,2.308099881889894,True
path,relu,zeros,cnn_zoo_new,cnn,0.0,86,20,1.0,0.0,0.0,2,6,adam,0,1.0,he_normal,path,86,0.20000000298023224,2.261704921722412,0.0847092494368553,2.308099881889894,True
path,relu,zeros,cnn_zoo_new,cnn,0.0,86,20,1.0,0.0,0.0,2,6,adam,0,1.0,he_normal,path,86,0.14666666090488434,2.2675325870513916,0.0847092494368553,2.308099881889894,True
path,relu,zeros,cnn_zoo_new,cnn,0.0,86,20,1.0,0.0,0.0,2,6,adam,0,1.0,he_normal,path,86,0.1666666716337204,2.204880475997925,0.0847092494368553,2.308099881889894,True
path,relu,zeros,cnn_zoo_new,cnn,0.0,86,20,1.0,0.0,0.0,2,6,adam,0,1.0,he_normal,path,86,0.11999999731779099,2.254242420196533,0.0847092494368553,2.308099881889894,True
path,relu,zeros,cnn_zoo_new,cnn,0.0,86,20,1.0,0.0,0.0,2,6,adam,0,1.0,he_normal,path,86,0.1733333319425583,2.139800786972046,0.0847092494368553,2.308099881889894,True
path,relu,zeros,cnn_zoo_new,cnn,0.0,86,20,1.0,0.0,0.0,2,6,adam,0,1.0,he_normal,path,86,0.1366666704416275,2.2233405113220215,0.0847092494368553,2.308099881889894,True
path,relu,zeros,cnn_zoo_new,cnn,0.0,86,20,1.0,0.0,0.0,2,6,adam,0,1.0,he_normal,path,86,0.1666666716337204,2.2570433616638184,0.0847092494368553,2.308099881889894,True
path,relu,zeros,cnn_zoo_new,cnn,0.0,86,20,1.0,0.0,0.0,2,6,adam,0,1.0,he_normal,path,86,0.1599999964237213,2.108642578125,0.0847092494368553,2.308099881889894,True
path,relu,zeros,cnn_zoo_new,cnn,0.0,86,20,1.0,0.0,0.0,2,6,adam,0,1.0,he_normal,path,86,0.10000000149011612,2.264610528945923,0.0847092494368553,2.308099881889894,True
path,relu,zeros,cnn_zoo_new,cnn,0.0,86,20,1.0,0.0,0.0,2,6,adam,0,1.0,he_normal,path,86,0.16333332657814026,2.252401828765869,0.0847092494368553,2.308099881889894,True
path,relu,zeros,cnn_zoo_new,cnn,0.0,86,20,1.0,0.0,0.0,2,6,adam,0,1.0,he_normal,path,86,0.21666666865348816,2.1696760654449463,0.0847092494368553,2.308099881889894,True
path,relu,zeros,cnn_zoo_new,cnn,0.0,86,20,1.0,0.0,0.0,2,6,adam,0,1.0,he_normal,path,86,0.1433333307504654,2.2938292026519775,0.0847092494368553,2.308099881889894,True
path,relu,zeros,cnn_zoo_new,cnn,0.0,86,20,1.0,0.0,0.0,2,6,adam,0,1.0,he_normal,path,86,0.15666666626930237,2.184941053390503,0.0847092494368553,2.308099881889894,True
path,relu,zeros,cnn_zoo_new,cnn,0.0,86,20,1.0,0.0,0.0,2,6,adam,0,1.0,he_normal,path,86,0.1966666728258133,2.223470449447632,0.0847092494368553,2.308099881889894,True
path,relu,zeros,cnn_zoo_new,cnn,0.0,86,20,1.0,0.0,0.0,2,6,adam,0,1.0,he_normal,path,86,0.15000000596046448,2.1629037857055664,0.0847092494368553,2.308099881889894,True
path,relu,zeros,cnn_zoo_new,cnn,0.0,86,20,1.0,0.0,0.0,2,6,adam,0,1.0,he_normal,path,86,0.1733333319425583,2.245314836502075,0.0847092494368553,2.308099881889894,True
path,relu,zeros,cnn_zoo_new,cnn,0.0,86,20,1.0,0.0,0.0,2,6,adam,0,1.0,he_normal,path,86,0.2133333384990692,2.2562642097473145,0.0847092494368553,2.308099881889894,True
path,relu,zeros,cnn_zoo_new,cnn,0.0,86,20,1.0,0.0,0.0,2,6,adam,0,1.0,he_normal,path,86,0.1366666704416275,2.2822396755218506,0.0847092494368553,2.308099881889894,True
path,relu,zeros,cnn_zoo_new,cnn,0.0,86,20,1.0,0.0,0.0,2,6,adam,0,1.0,he_normal,path,86,0.2133333384990692,2.166982650756836,0.0847092494368553,2.308099881889894,True
path,relu,zeros,cnn_zoo_new,cnn,0.0,86,20,1.0,0.0,0.0,2,6,adam,0,1.0,he_normal,path,86,0.19333332777023315,2.200542688369751,0.0847092494368553,2.308099881889894,True
path,relu,zeros,cnn_zoo_new,cnn,0.0,86,20,1.0,0.0,0.0,2,6,adam,0,1.0,he_normal,path,86,0.13333334028720856,2.271317958831787,0.0847092494368553,2.308099881889894,True
path,relu,zeros,cnn_zoo_new,cnn,0.0,86,20,1.0,0.0,0.0,2,6,adam,0,1.0,he_normal,path,86,0.10000000149011612,2.220907211303711,0.0847092494368553,2.308099881889894,True
path,relu,zeros,cnn_zoo_new,cnn,0.0,86,20,1.0,0.0,0.0,2,6,adam,0,1.0,he_normal,path,86,0.17000000178813934,2.2235891819000244,0.0847092494368553,2.308099881889894,True
path,relu,zeros,cnn_zoo_new,cnn,0.0,86,20,1.0,0.0,0.0,2,6,adam,0,1.0,he_normal,path,86,0.14000000059604645,2.212874412536621,0.0847092494368553,2.308099881889894,True
path,relu,zeros,cnn_zoo_new,cnn,0.0,86,20,1.0,0.0,0.0,2,6,adam,0,1.0,he_normal,path,86,0.2199999988079071,2.104288339614868,0.0847092494368553,2.308099881889894,True
path,relu,zeros,cnn_zoo_new,cnn,0.0,86,20,1.0,0.0,0.0,2,6,adam,0,1.0,he_normal,path,86,0.11666666716337204,2.198563814163208,0.0847092494368553,2.308099881889894,True
path,relu,zeros,cnn_zoo_new,cnn,0.0,86,20,1.0,0.0,0.0,2,6,adam,0,1.0,he_normal,path,86,0.1433333307504654,2.232529878616333,0.0847092494368553,2.308099881889894,True
path,relu,zeros,cnn_zoo_new,cnn,0.0,86,20,1.0,0.0,0.0,2,6,adam,0,1.0,he_normal,path,86,0.11999999731779099,2.293241262435913,0.0847092494368553,2.308099881889894,True
path,relu,zeros,cnn_zoo_new,cnn,0.0,86,20,1.0,0.0,0.0,2,6,adam,0,1.0,he_normal,path,86,0.11666666716337204,2.238442897796631,0.0847092494368553,2.308099881889894,True
path,relu,zeros,cnn_zoo_new,cnn,0.0,86,20,1.0,0.0,0.0,2,6,adam,0,1.0,he_normal,path,86,0.10333333164453506,2.268970251083374,0.0847092494368553,2.308099881889894,True
path,relu,zeros,cnn_zoo_new,cnn,0.0,86,20,1.0,0.0,0.0,2,6,adam,0,1.0,he_normal,path,86,0.18000000715255737,2.177316188812256,0.0847092494368553,2.308099881889894,True
path,relu,zeros,cnn_zoo_new,cnn,0.0,86,20,1.0,0.0,0.0,2,6,adam,0,1.0,he_normal,path,86,0.17000000178813934,2.2200846672058105,0.0847092494368553,2.308099881889894,True
path,relu,zeros,cnn_zoo_new,cnn,0.0,86,20,1.0,0.0,0.0,2,6,adam,0,1.0,he_normal,path,86,0.15000000596046448,2.2580606937408447,0.0847092494368553,2.308099881889894,True
path,relu,zeros,cnn_zoo_new,cnn,0.0,86,20,1.0,0.0,0.0,2,6,adam,0,1.0,he_normal,path,86,0.19333332777023315,2.1060726642608643,0.0847092494368553,2.308099881889894,True
path,relu,zeros,cnn_zoo_new,cnn,0.0,86,20,1.0,0.0,0.0,2,6,adam,0,1.0,he_normal,path,86,0.25999999046325684,1.9440311193466187,0.0847092494368553,2.308099881889894,True
path,relu,zeros,cnn_zoo_new,cnn,0.0,86,20,1.0,0.0,0.0,2,6,adam,0,1.0,he_normal,path,86,0.10000000149011612,2.2232863903045654,0.0847092494368553,2.308099881889894,True
path,relu,zeros,cnn_zoo_new,cnn,0.0,86,20,1.0,0.0,0.0,2,6,adam,0,1.0,he_normal,path,86,0.11999999731779099,2.28159236907959,0.0847092494368553,2.308099881889894,True
path,relu,zeros,cnn_zoo_new,cnn,0.0,86,20,1.0,0.0,0.0,2,6,adam,0,1.0,he_normal,path,86,0.1899999976158142,2.177440881729126,0.0847092494368553,2.308099881889894,True
path,relu,zeros,cnn_zoo_new,cnn,0.0,86,20,1.0,0.0,0.0,2,6,adam,0,1.0,he_normal,path,86,0.16333332657814026,2.2299063205718994,0.0847092494368553,2.308099881889894,True
path,relu,zeros,cnn_zoo_new,cnn,0.0,86,20,1.0,0.0,0.0,2,6,adam,0,1.0,he_normal,path,86,0.23000000417232513,2.083336591720581,0.0847092494368553,2.308099881889894,True
path,relu,zeros,cnn_zoo_new,cnn,0.0,86,20,1.0,0.0,0.0,2,6,adam,0,1.0,he_normal,path,86,0.1133333370089531,2.2861151695251465,0.0847092494368553,2.308099881889894,True
path,relu,zeros,cnn_zoo_new,cnn,0.0,86,20,1.0,0.0,0.0,2,6,adam,0,1.0,he_normal,path,86,0.1433333307504654,2.217597723007202,0.0847092494368553,2.308099881889894,True
path,relu,zeros,cnn_zoo_new,cnn,0.0,86,20,1.0,0.0,0.0,2,6,adam,0,1.0,he_normal,path,86,0.10333333164453506,2.2655577659606934,0.0847092494368553,2.308099881889894,True
path,relu,zeros,cnn_zoo_new,cnn,0.0,86,20,1.0,0.0,0.0,2,6,adam,0,1.0,he_normal,path,86,0.1133333370089531,2.1848978996276855,0.0847092494368553,2.308099881889894,True
path,relu,zeros,cnn_zoo_new,cnn,0.0,86,20,1.0,0.0,0.0,2,6,adam,0,1.0,he_normal,path,86,0.10000000149011612,2.276564598083496,0.0847092494368553,2.308099881889894,True
path,relu,zeros,cnn_zoo_new,cnn,0.0,86,20,1.0,0.0,0.0,2,6,adam,0,1.0,he_normal,path,86,0.17666666209697723,2.290520191192627,0.0847092494368553,2.308099881889894,True
path,relu,zeros,cnn_zoo_new,cnn,0.0,86,20,1.0,0.0,0.0,2,6,adam,0,1.0,he_normal,path,86,0.15666666626930237,2.239413022994995,0.0847092494368553,2.308099881889894,True
path,relu,zeros,cnn_zoo_new,cnn,0.0,86,20,1.0,0.0,0.0,2,6,adam,0,1.0,he_normal,path,86,0.14000000059604645,2.281057834625244,0.0847092494368553,2.308099881889894,True
path,relu,zeros,cnn_zoo_new,cnn,0.0,86,20,1.0,0.0,0.0,2,6,adam,0,1.0,he_normal,path,86,0.09666666388511658,2.1677093505859375,0.0847092494368553,2.308099881889894,True
path,relu,zeros,cnn_zoo_new,cnn,0.0,86,20,1.0,0.0,0.0,2,6,adam,0,1.0,he_normal,path,86,0.1733333319425583,2.1788458824157715,0.0847092494368553,2.308099881889894,True
path,relu,zeros,cnn_zoo_new,cnn,0.0,86,20,1.0,0.0,0.0,2,6,adam,0,1.0,he_normal,path,86,0.18666666746139526,2.2289016246795654,0.0847092494368553,2.308099881889894,True
path,relu,zeros,cnn_zoo_new,cnn,0.0,86,20,1.0,0.0,0.0,2,6,adam,0,1.0,he_normal,path,86,0.2433333396911621,2.2577309608459473,0.0847092494368553,2.308099881889894,True
path,relu,zeros,cnn_zoo_new,cnn,0.0,86,20,1.0,0.0,0.0,2,6,adam,0,1.0,he_normal,path,86,0.19333332777023315,2.0537595748901367,0.0847092494368553,2.308099881889894,True
path,relu,zeros,cnn_zoo_new,cnn,0.0,86,20,1.0,0.0,0.0,2,6,adam,0,1.0,he_normal,path,86,0.10999999940395355,2.2797563076019287,0.0847092494368553,2.308099881889894,True
path,relu,zeros,cnn_zoo_new,cnn,0.0,86,20,1.0,0.0,0.0,2,6,adam,0,1.0,he_normal,path,86,0.15000000596046448,2.227875232696533,0.0847092494368553,2.308099881889894,True
path,relu,zeros,cnn_zoo_new,cnn,0.0,86,20,1.0,0.0,0.0,2,6,adam,0,1.0,he_normal,path,86,0.11666666716337204,2.2376153469085693,0.0847092494368553,2.308099881889894,True
path,relu,zeros,cnn_zoo_new,cnn,0.0,86,20,1.0,0.0,0.0,2,6,adam,0,1.0,he_normal,path,86,0.2266666740179062,2.240769147872925,0.0847092494368553,2.308099881889894,True
path,relu,zeros,cnn_zoo_new,cnn,0.0,86,20,1.0,0.0,0.0,2,6,adam,0,1.0,he_normal,path,86,0.20000000298023224,2.2241463661193848,0.0847092494368553,2.308099881889894,True
path,relu,zeros,cnn_zoo_new,cnn,0.0,86,20,1.0,0.0,0.0,2,6,adam,0,1.0,he_normal,path,86,0.35333332419395447,1.8870596885681152,0.0847092494368553,2.308099881889894,True
path,relu,zeros,cnn_zoo_new,cnn,0.0,86,20,1.0,0.0,0.0,2,6,adam,0,1.0,he_normal,path,86,0.12999999523162842,2.2307538986206055,0.0847092494368553,2.308099881889894,True
path,relu,zeros,cnn_zoo_new,cnn,0.0,86,20,1.0,0.0,0.0,2,6,adam,0,1.0,he_normal,path,86,0.22333332896232605,2.2447311878204346,0.0847092494368553,2.308099881889894,True
path,relu,zeros,cnn_zoo_new,cnn,0.0,86,20,1.0,0.0,0.0,2,6,adam,0,1.0,he_normal,path,86,0.12333333492279053,2.2790441513061523,0.0847092494368553,2.308099881889894,True
path,relu,zeros,cnn_zoo_new,cnn,0.0,86,20,1.0,0.0,0.0,2,6,adam,0,1.0,he_normal,path,86,0.15666666626930237,2.242494821548462,0.0847092494368553,2.308099881889894,True
path,relu,zeros,cnn_zoo_new,cnn,0.0,86,20,1.0,0.0,0.0,2,6,adam,0,1.0,he_normal,path,86,0.21666666865348816,2.031280279159546,0.0847092494368553,2.308099881889894,True
path,relu,zeros,cnn_zoo_new,cnn,0.0,86,20,1.0,0.0,0.0,2,6,adam,0,1.0,he_normal,path,86,0.13333334028720856,2.235485076904297,0.0847092494368553,2.308099881889894,True
path,relu,zeros,cnn_zoo_new,cnn,0.0,86,20,1.0,0.0,0.0,2,6,adam,0,1.0,he_normal,path,86,0.1433333307504654,2.2516841888427734,0.0847092494368553,2.308099881889894,True
path,relu,zeros,cnn_zoo_new,cnn,0.0,86,20,1.0,0.0,0.0,2,6,adam,0,1.0,he_normal,path,86,0.18333333730697632,2.158238410949707,0.0847092494368553,2.308099881889894,True
path,relu,zeros,cnn_zoo_new,cnn,0.0,86,20,1.0,0.0,0.0,2,6,adam,0,1.0,he_normal,path,86,0.20666666328907013,2.157066583633423,0.0847092494368553,2.308099881889894,True
path,relu,zeros,cnn_zoo_new,cnn,0.0,86,20,1.0,0.0,0.0,2,6,adam,0,1.0,he_normal,path,86,0.15666666626930237,2.1547930240631104,0.0847092494368553,2.308099881889894,True
path,relu,zeros,cnn_zoo_new,cnn,0.0,86,20,1.0,0.0,0.0,2,6,adam,0,1.0,he_normal,path,86,0.23333333432674408,2.0609965324401855,0.0847092494368553,2.308099881889894,True
path,relu,zeros,cnn_zoo_new,cnn,0.0,86,20,1.0,0.0,0.0,2,6,adam,0,1.0,he_normal,path,86,0.15333333611488342,2.223952531814575,0.0847092494368553,2.308099881889894,True
path,relu,zeros,cnn_zoo_new,cnn,0.0,86,20,1.0,0.0,0.0,2,6,adam,0,1.0,he_normal,path,86,0.13333334028720856,2.2812445163726807,0.0847092494368553,2.308099881889894,True
path,relu,zeros,cnn_zoo_new,cnn,0.0,86,20,1.0,0.0,0.0,2,6,adam,0,1.0,he_normal,path,86,0.09000000357627869,2.2643768787384033,0.0847092494368553,2.308099881889894,True
path,relu,zeros,cnn_zoo_new,cnn,0.0,86,20,1.0,0.0,0.0,2,6,adam,0,1.0,he_normal,path,86,0.09333333373069763,2.285890579223633,0.0847092494368553,2.308099881889894,True
path,relu,zeros,cnn_zoo_new,cnn,0.0,86,20,1.0,0.0,0.0,2,6,adam,0,1.0,he_normal,path,86,0.19333332777023315,2.2422385215759277,0.0847092494368553,2.308099881889894,True
path,relu,zeros,cnn_zoo_new,cnn,0.0,86,20,1.0,0.0,0.0,2,6,adam,0,1.0,he_normal,path,86,0.17000000178813934,2.228297710418701,0.0847092494368553,2.308099881889894,True
path,relu,zeros,cnn_zoo_new,cnn,0.0,86,20,1.0,0.0,0.0,2,6,adam,0,1.0,he_normal,path,86,0.12999999523162842,2.2414329051971436,0.0847092494368553,2.308099881889894,True
path,relu,zeros,cnn_zoo_new,cnn,0.0,86,20,1.0,0.0,0.0,2,6,adam,0,1.0,he_normal,path,86,0.11999999731779099,2.220829725265503,0.0847092494368553,2.308099881889894,True
path,relu,zeros,cnn_zoo_new,cnn,0.0,86,20,1.0,0.0,0.0,2,6,adam,0,1.0,he_normal,path,86,0.31333333253860474,1.9512728452682495,0.0847092494368553,2.308099881889894,True
path,relu,zeros,cnn_zoo_new,cnn,0.0,86,20,1.0,0.0,0.0,2,6,adam,0,1.0,he_normal,path,86,0.23333333432674408,2.1920032501220703,0.0847092494368553,2.308099881889894,True
path,relu,zeros,cnn_zoo_new,cnn,0.0,86,20,1.0,0.0,0.0,2,6,adam,0,1.0,he_normal,path,86,0.1599999964237213,2.2121143341064453,0.0847092494368553,2.308099881889894,True
path,relu,zeros,cnn_zoo_new,cnn,0.0,86,20,1.0,0.0,0.0,2,6,adam,0,1.0,he_normal,path,86,0.12666666507720947,2.2448079586029053,0.0847092494368553,2.308099881889894,True
path,relu,zeros,cnn_zoo_new,cnn,0.0,86,20,1.0,0.0,0.0,2,6,adam,0,1.0,he_normal,path,86,0.20000000298023224,2.213655710220337,0.0847092494368553,2.308099881889894,True
path,relu,zeros,cnn_zoo_new,cnn,0.0,86,20,1.0,0.0,0.0,2,6,adam,0,1.0,he_normal,path,86,0.1666666716337204,2.278501272201538,0.0847092494368553,2.308099881889894,True
path,relu,zeros,cnn_zoo_new,cnn,0.0,86,20,1.0,0.0,0.0,2,6,adam,0,1.0,he_normal,path,86,0.15333333611488342,2.261784553527832,0.0847092494368553,2.308099881889894,True
path,relu,zeros,cnn_zoo_new,cnn,0.0,86,20,1.0,0.0,0.0,2,6,adam,0,1.0,he_normal,path,86,0.23333333432674408,2.1180970668792725,0.0847092494368553,2.308099881889894,True
path,relu,zeros,cnn_zoo_new,cnn,0.0,86,20,1.0,0.0,0.0,2,6,adam,0,1.0,he_normal,path,86,0.25333333015441895,2.0793066024780273,0.0847092494368553,2.308099881889894,True
path,relu,zeros,cnn_zoo_new,cnn,0.0,86,20,1.0,0.0,0.0,2,6,adam,0,1.0,he_normal,path,86,0.09666666388511658,2.2323172092437744,0.0847092494368553,2.308099881889894,True
path,relu,zeros,cnn_zoo_new,cnn,0.0,86,20,1.0,0.0,0.0,2,6,adam,0,1.0,he_normal,path,86,0.19333332777023315,2.160594940185547,0.0847092494368553,2.308099881889894,True
path,relu,zeros,cnn_zoo_new,cnn,0.0,86,20,1.0,0.0,0.0,2,6,adam,0,1.0,he_normal,path,86,0.1666666716337204,2.200873613357544,0.0847092494368553,2.308099881889894,True
path,relu,zeros,cnn_zoo_new,cnn,0.0,86,20,1.0,0.0,0.0,2,6,adam,0,1.0,he_normal,path,86,0.2433333396911621,1.9934974908828735,0.0847092494368553,2.308099881889894,True
path,relu,zeros,cnn_zoo_new,cnn,0.0,86,20,1.0,0.0,0.0,2,6,adam,0,1.0,he_normal,path,86,0.1599999964237213,2.2630157470703125,0.0847092494368553,2.308099881889894,True
path,relu,zeros,cnn_zoo_new,cnn,0.0,86,20,1.0,0.0,0.0,2,6,adam,0,1.0,he_normal,path,86,0.19333332777023315,2.238682746887207,0.0847092494368553,2.308099881889894,True
path,relu,zeros,cnn_zoo_new,cnn,0.0,86,20,1.0,0.0,0.0,2,6,adam,0,1.0,he_normal,path,86,0.15000000596046448,2.213651418685913,0.0847092494368553,2.308099881889894,True
path,relu,zeros,cnn_zoo_new,cnn,0.0,86,20,1.0,0.0,0.0,2,6,adam,0,1.0,he_normal,path,86,0.14666666090488434,2.242949962615967,0.0847092494368553,2.308099881889894,True
path,relu,zeros,cnn_zoo_new,cnn,0.0,86,20,1.0,0.0,0.0,2,6,adam,0,1.0,he_normal,path,86,0.09000000357627869,2.231783866882324,0.0847092494368553,2.308099881889894,True
path,relu,zeros,cnn_zoo_new,cnn,0.0,86,20,1.0,0.0,0.0,2,6,adam,0,1.0,he_normal,path,86,0.1066666692495346,2.3000919818878174,0.0847092494368553,2.308099881889894,True
path,relu,zeros,cnn_zoo_new,cnn,0.0,86,20,1.0,0.0,0.0,2,6,adam,0,1.0,he_normal,path,86,0.11666666716337204,2.2917940616607666,0.0847092494368553,2.308099881889894,True
path,relu,zeros,cnn_zoo_new,cnn,0.0,86,20,1.0,0.0,0.0,2,6,adam,0,1.0,he_normal,path,86,0.28999999165534973,2.0307765007019043,0.0847092494368553,2.308099881889894,True
path,relu,zeros,cnn_zoo_new,cnn,0.0,86,20,1.0,0.0,0.0,2,6,adam,0,1.0,he_normal,path,86,0.11999999731779099,2.262352466583252,0.0847092494368553,2.308099881889894,True
path,relu,zeros,cnn_zoo_new,cnn,0.0,86,20,1.0,0.0,0.0,2,6,adam,0,1.0,he_normal,path,86,0.1066666692495346,2.260362148284912,0.0847092494368553,2.308099881889894,True
path,relu,zeros,cnn_zoo_new,cnn,0.0,86,20,1.0,0.0,0.0,2,6,adam,0,1.0,he_normal,path,86,0.18000000715255737,2.2602379322052,0.0847092494368553,2.308099881889894,True
path,relu,zeros,cnn_zoo_new,cnn,0.0,86,20,1.0,0.0,0.0,2,6,adam,0,1.0,he_normal,path,86,0.25333333015441895,2.1310529708862305,0.0847092494368553,2.308099881889894,True
path,relu,zeros,cnn_zoo_new,cnn,0.0,86,20,1.0,0.0,0.0,2,6,adam,0,1.0,he_normal,path,86,0.12666666507720947,2.1920852661132812,0.0847092494368553,2.308099881889894,True
path,relu,zeros,cnn_zoo_new,cnn,0.0,86,20,1.0,0.0,0.0,2,6,adam,0,1.0,he_normal,path,86,0.21666666865348816,2.125701427459717,0.0847092494368553,2.308099881889894,True
path,relu,zeros,cnn_zoo_new,cnn,0.0,86,20,1.0,0.0,0.0,2,6,adam,0,1.0,he_normal,path,86,0.1899999976158142,2.169682025909424,0.0847092494368553,2.308099881889894,True
path,relu,zeros,cnn_zoo_new,cnn,0.0,86,20,1.0,0.0,0.0,2,6,adam,0,1.0,he_normal,path,86,0.18333333730697632,2.1552019119262695,0.0847092494368553,2.308099881889894,True
path,relu,zeros,cnn_zoo_new,cnn,0.0,86,20,1.0,0.0,0.0,2,6,adam,0,1.0,he_normal,path,86,0.17000000178813934,2.1778335571289062,0.0847092494368553,2.308099881889894,True
path,relu,zeros,cnn_zoo_new,cnn,0.0,86,20,1.0,0.0,0.0,2,6,adam,0,1.0,he_normal,path,86,0.20666666328907013,2.1942286491394043,0.0847092494368553,2.308099881889894,True
path,relu,zeros,cnn_zoo_new,cnn,0.0,86,20,1.0,0.0,0.0,2,6,adam,0,1.0,he_normal,path,86,0.07999999821186066,2.245192050933838,0.0847092494368553,2.308099881889894,True
path,relu,zeros,cnn_zoo_new,cnn,0.0,86,20,1.0,0.0,0.0,2,6,adam,0,1.0,he_normal,path,86,0.1666666716337204,2.1601057052612305,0.0847092494368553,2.308099881889894,True
path,relu,zeros,cnn_zoo_new,cnn,0.0,86,20,1.0,0.0,0.0,2,6,adam,0,1.0,he_normal,path,86,0.05999999865889549,2.2819926738739014,0.0847092494368553,2.308099881889894,True
path,relu,zeros,cnn_zoo_new,cnn,0.0,86,20,1.0,0.0,0.0,2,6,adam,0,1.0,he_normal,path,86,0.3100000023841858,1.9658223390579224,0.0847092494368553,2.308099881889894,True
path,relu,zeros,cnn_zoo_new,cnn,0.0,86,20,1.0,0.0,0.0,2,6,adam,0,1.0,he_normal,path,86,0.18000000715255737,2.230465888977051,0.0847092494368553,2.308099881889894,True
path,relu,zeros,cnn_zoo_new,cnn,0.0,86,20,1.0,0.0,0.0,2,6,adam,0,1.0,he_normal,path,86,0.09666666388511658,2.2494359016418457,0.0847092494368553,2.308099881889894,True
path,relu,zeros,cnn_zoo_new,cnn,0.0,86,20,1.0,0.0,0.0,2,6,adam,0,1.0,he_normal,path,86,0.14666666090488434,2.2217137813568115,0.0847092494368553,2.308099881889894,True
path,relu,zeros,cnn_zoo_new,cnn,0.0,86,20,1.0,0.0,0.0,2,6,adam,0,1.0,he_normal,path,86,0.1733333319425583,2.1723458766937256,0.0847092494368553,2.308099881889894,True
path,relu,zeros,cnn_zoo_new,cnn,0.0,86,20,1.0,0.0,0.0,2,6,adam,0,1.0,he_normal,path,86,0.15666666626930237,2.2768640518188477,0.0847092494368553,2.308099881889894,True
path,relu,zeros,cnn_zoo_new,cnn,0.0,86,20,1.0,0.0,0.0,2,6,adam,0,1.0,he_normal,path,86,0.11999999731779099,2.2402780055999756,0.0847092494368553,2.308099881889894,True
path,relu,zeros,cnn_zoo_new,cnn,0.0,86,20,1.0,0.0,0.0,2,6,adam,0,1.0,he_normal,path,86,0.12999999523162842,2.204434633255005,0.0847092494368553,2.308099881889894,True
path,relu,zeros,cnn_zoo_new,cnn,0.0,86,20,1.0,0.0,0.0,2,6,adam,0,1.0,he_normal,path,86,0.11999999731779099,2.2107648849487305,0.0847092494368553,2.308099881889894,True
path,relu,zeros,cnn_zoo_new,cnn,0.0,86,20,1.0,0.0,0.0,2,6,adam,0,1.0,he_normal,path,86,0.12333333492279053,2.192720651626587,0.0847092494368553,2.308099881889894,True
path,relu,zeros,cnn_zoo_new,cnn,0.0,86,20,1.0,0.0,0.0,2,6,adam,0,1.0,he_normal,path,86,0.1899999976158142,2.1849286556243896,0.0847092494368553,2.308099881889894,True
path,relu,zeros,cnn_zoo_new,cnn,0.0,86,20,1.0,0.0,0.0,2,6,adam,0,1.0,he_normal,path,86,0.1433333307504654,2.227839469909668,0.0847092494368553,2.308099881889894,True
path,relu,zeros,cnn_zoo_new,cnn,0.0,86,20,1.0,0.0,0.0,2,6,adam,0,1.0,he_normal,path,86,0.22333332896232605,2.127422332763672,0.0847092494368553,2.308099881889894,True
path,relu,zeros,cnn_zoo_new,cnn,0.0,86,20,1.0,0.0,0.0,2,6,adam,0,1.0,he_normal,path,86,0.15666666626930237,2.245807409286499,0.0847092494368553,2.308099881889894,True
path,relu,zeros,cnn_zoo_new,cnn,0.0,86,20,1.0,0.0,0.0,2,6,adam,0,1.0,he_normal,path,86,0.15666666626930237,2.2057535648345947,0.0847092494368553,2.308099881889894,True
path,relu,zeros,cnn_zoo_new,cnn,0.0,86,20,1.0,0.0,0.0,2,6,adam,0,1.0,he_normal,path,86,0.23333333432674408,2.219228744506836,0.0847092494368553,2.308099881889894,True
path,relu,zeros,cnn_zoo_new,cnn,0.0,86,20,1.0,0.0,0.0,2,6,adam,0,1.0,he_normal,path,86,0.12333333492279053,2.258793354034424,0.0847092494368553,2.308099881889894,True
path,relu,zeros,cnn_zoo_new,cnn,0.0,86,20,1.0,0.0,0.0,2,6,adam,0,1.0,he_normal,path,86,0.20999999344348907,2.08259916305542,0.0847092494368553,2.308099881889894,True
path,relu,zeros,cnn_zoo_new,cnn,0.0,86,20,1.0,0.0,0.0,2,6,adam,0,1.0,he_normal,path,86,0.15333333611488342,2.233811140060425,0.0847092494368553,2.308099881889894,True
path,relu,zeros,cnn_zoo_new,cnn,0.0,86,20,1.0,0.0,0.0,2,6,adam,0,1.0,he_normal,path,86,0.20666666328907013,2.148240566253662,0.0847092494368553,2.308099881889894,True
path,relu,zeros,cnn_zoo_new,cnn,0.0,86,20,1.0,0.0,0.0,2,6,adam,0,1.0,he_normal,path,86,0.09000000357627869,2.237614631652832,0.0847092494368553,2.308099881889894,True
path,relu,zeros,cnn_zoo_new,cnn,0.0,86,20,1.0,0.0,0.0,2,6,adam,0,1.0,he_normal,path,86,0.15333333611488342,2.2342329025268555,0.0847092494368553,2.308099881889894,True
path,relu,zeros,cnn_zoo_new,cnn,0.0,86,20,1.0,0.0,0.0,2,6,adam,0,1.0,he_normal,path,86,0.11999999731779099,2.246009349822998,0.0847092494368553,2.308099881889894,True
path,relu,zeros,cnn_zoo_new,cnn,0.0,86,20,1.0,0.0,0.0,2,6,adam,0,1.0,he_normal,path,86,0.12333333492279053,2.284764051437378,0.0847092494368553,2.308099881889894,True
path,relu,zeros,cnn_zoo_new,cnn,0.0,86,20,1.0,0.0,0.0,2,6,adam,0,1.0,he_normal,path,86,0.2433333396911621,2.0465400218963623,0.0847092494368553,2.308099881889894,True
path,relu,zeros,cnn_zoo_new,cnn,0.0,86,20,1.0,0.0,0.0,2,6,adam,0,1.0,he_normal,path,86,0.20333333313465118,2.157304286956787,0.0847092494368553,2.308099881889894,True
path,relu,zeros,cnn_zoo_new,cnn,0.0,86,20,1.0,0.0,0.0,2,6,adam,0,1.0,he_normal,path,86,0.10000000149011612,2.3025853633880615,0.0847092494368553,2.308099881889894,True
path,relu,zeros,cnn_zoo_new,cnn,0.0,86,20,1.0,0.0,0.0,2,6,adam,0,1.0,he_normal,path,86,0.10333333164453506,2.271254777908325,0.0847092494368553,2.308099881889894,True
path,relu,zeros,cnn_zoo_new,cnn,0.0,86,20,1.0,0.0,0.0,2,6,adam,0,1.0,he_normal,path,86,0.2933333218097687,2.182771921157837,0.0847092494368553,2.308099881889894,True
path,relu,zeros,cnn_zoo_new,cnn,0.0,86,20,1.0,0.0,0.0,2,6,adam,0,1.0,he_normal,path,86,0.23000000417232513,2.095790147781372,0.0847092494368553,2.308099881889894,True
path,relu,zeros,cnn_zoo_new,cnn,0.0,86,20,1.0,0.0,0.0,2,6,adam,0,1.0,he_normal,path,86,0.14666666090488434,2.214236259460449,0.0847092494368553,2.308099881889894,True
path,relu,zeros,cnn_zoo_new,cnn,0.0,86,20,1.0,0.0,0.0,2,6,adam,0,1.0,he_normal,path,86,0.23000000417232513,2.228369951248169,0.0847092494368553,2.308099881889894,True
path,relu,zeros,cnn_zoo_new,cnn,0.0,86,20,1.0,0.0,0.0,2,6,adam,0,1.0,he_normal,path,86,0.0833333358168602,2.3020877838134766,0.0847092494368553,2.308099881889894,True
path,relu,zeros,cnn_zoo_new,cnn,0.0,86,20,1.0,0.0,0.0,2,6,adam,0,1.0,he_normal,path,86,0.18666666746139526,2.212681770324707,0.0847092494368553,2.308099881889894,True
path,relu,zeros,cnn_zoo_new,cnn,0.0,86,20,1.0,0.0,0.0,2,6,adam,0,1.0,he_normal,path,86,0.11999999731779099,2.246398448944092,0.0847092494368553,2.308099881889894,True
path,relu,zeros,cnn_zoo_new,cnn,0.0,86,20,1.0,0.0,0.0,2,6,adam,0,1.0,he_normal,path,86,0.27000001072883606,1.992167353630066,0.0847092494368553,2.308099881889894,True
path,relu,zeros,cnn_zoo_new,cnn,0.0,86,20,1.0,0.0,0.0,2,6,adam,0,1.0,he_normal,path,86,0.1133333370089531,2.2828776836395264,0.0847092494368553,2.308099881889894,True
path,relu,zeros,cnn_zoo_new,cnn,0.0,86,20,1.0,0.0,0.0,2,6,adam,0,1.0,he_normal,path,86,0.15666666626930237,2.237771511077881,0.0847092494368553,2.308099881889894,True
path,relu,zeros,cnn_zoo_new,cnn,0.0,86,20,1.0,0.0,0.0,2,6,adam,0,1.0,he_normal,path,86,0.16333332657814026,2.244382619857788,0.0847092494368553,2.308099881889894,True
path,relu,zeros,cnn_zoo_new,cnn,0.0,86,20,1.0,0.0,0.0,2,6,adam,0,1.0,he_normal,path,86,0.2199999988079071,2.154315710067749,0.0847092494368553,2.308099881889894,True
path,relu,zeros,cnn_zoo_new,cnn,0.0,86,20,1.0,0.0,0.0,2,6,adam,0,1.0,he_normal,path,86,0.21666666865348816,2.1359293460845947,0.0847092494368553,2.308099881889894,True
path,relu,zeros,cnn_zoo_new,cnn,0.0,86,20,1.0,0.0,0.0,2,6,adam,0,1.0,he_normal,path,86,0.1733333319425583,2.1996994018554688,0.0847092494368553,2.308099881889894,True
path,relu,zeros,cnn_zoo_new,cnn,0.0,86,20,1.0,0.0,0.0,2,6,adam,0,1.0,he_normal,path,86,0.11999999731779099,2.2590487003326416,0.0847092494368553,2.308099881889894,True
path,relu,zeros,cnn_zoo_new,cnn,0.0,86,20,1.0,0.0,0.0,2,6,adam,0,1.0,he_normal,path,86,0.20333333313465118,2.131263017654419,0.0847092494368553,2.308099881889894,True
path,relu,zeros,cnn_zoo_new,cnn,0.0,86,20,1.0,0.0,0.0,2,6,adam,0,1.0,he_normal,path,86,0.17666666209697723,2.196253776550293,0.0847092494368553,2.308099881889894,True
path,relu,zeros,cnn_zoo_new,cnn,0.0,86,20,1.0,0.0,0.0,2,6,adam,0,1.0,he_normal,path,86,0.2566666603088379,2.1758546829223633,0.0847092494368553,2.308099881889894,True
path,relu,zeros,cnn_zoo_new,cnn,0.0,86,20,1.0,0.0,0.0,2,6,adam,0,1.0,he_normal,path,86,0.1366666704416275,2.2097694873809814,0.0847092494368553,2.308099881889894,True
path,relu,zeros,cnn_zoo_new,cnn,0.0,86,20,1.0,0.0,0.0,2,6,adam,0,1.0,he_normal,path,86,0.23999999463558197,2.1493022441864014,0.0847092494368553,2.308099881889894,True
path,relu,zeros,cnn_zoo_new,cnn,0.0,86,20,1.0,0.0,0.0,2,6,adam,0,1.0,he_normal,path,86,0.07333333045244217,2.2881877422332764,0.0847092494368553,2.308099881889894,True
path,relu,zeros,cnn_zoo_new,cnn,0.0,86,20,1.0,0.0,0.0,2,6,adam,0,1.0,he_normal,path,86,0.1733333319425583,2.1545915603637695,0.0847092494368553,2.308099881889894,True
path,relu,zeros,cnn_zoo_new,cnn,0.0,86,20,1.0,0.0,0.0,2,6,adam,0,1.0,he_normal,path,86,0.14666666090488434,2.204460859298706,0.0847092494368553,2.308099881889894,True
path,relu,zeros,cnn_zoo_new,cnn,0.0,86,20,1.0,0.0,0.0,2,6,adam,0,1.0,he_normal,path,86,0.20999999344348907,2.1634931564331055,0.0847092494368553,2.308099881889894,True
path,relu,zeros,cnn_zoo_new,cnn,0.0,86,20,1.0,0.0,0.0,2,6,adam,0,1.0,he_normal,path,86,0.1366666704416275,2.2753963470458984,0.0847092494368553,2.308099881889894,True
path,relu,zeros,cnn_zoo_new,cnn,0.0,86,20,1.0,0.0,0.0,2,6,adam,0,1.0,he_normal,path,86,0.1366666704416275,2.1909494400024414,0.0847092494368553,2.308099881889894,True
path,relu,zeros,cnn_zoo_new,cnn,0.0,86,20,1.0,0.0,0.0,2,6,adam,0,1.0,he_normal,path,86,0.1599999964237213,2.092276096343994,0.0847092494368553,2.308099881889894,True
path,relu,zeros,cnn_zoo_new,cnn,0.0,86,20,1.0,0.0,0.0,2,6,adam,0,1.0,he_normal,path,86,0.10999999940395355,2.3016796112060547,0.0847092494368553,2.308099881889894,True
path,relu,zeros,cnn_zoo_new,cnn,0.0,86,20,1.0,0.0,0.0,2,6,adam,0,1.0,he_normal,path,86,0.2433333396911621,2.108367919921875,0.0847092494368553,2.308099881889894,True
path,relu,zeros,cnn_zoo_new,cnn,0.0,86,20,1.0,0.0,0.0,2,6,adam,0,1.0,he_normal,path,86,0.11999999731779099,2.2027437686920166,0.0847092494368553,2.308099881889894,True
path,relu,zeros,cnn_zoo_new,cnn,0.0,86,20,1.0,0.0,0.0,2,6,adam,0,1.0,he_normal,path,86,0.10333333164453506,2.253657579421997,0.0847092494368553,2.308099881889894,True
path,relu,zeros,cnn_zoo_new,cnn,0.0,86,20,1.0,0.0,0.0,2,6,adam,0,1.0,he_normal,path,86,0.18000000715255737,2.2396957874298096,0.0847092494368553,2.308099881889894,True
path,relu,zeros,cnn_zoo_new,cnn,0.0,86,20,1.0,0.0,0.0,2,6,adam,0,1.0,he_normal,path,86,0.10000000149011612,2.3025853633880615,0.0847092494368553,2.308099881889894,True
path,relu,zeros,cnn_zoo_new,cnn,0.0,86,20,1.0,0.0,0.0,2,6,adam,0,1.0,he_normal,path,86,0.1133333370089531,2.2395644187927246,0.0847092494368553,2.308099881889894,True
path,relu,zeros,cnn_zoo_new,cnn,0.0,86,20,1.0,0.0,0.0,2,6,adam,0,1.0,he_normal,path,86,0.17666666209697723,2.2072339057922363,0.0847092494368553,2.308099881889894,True
path,relu,zeros,cnn_zoo_new,cnn,0.0,86,20,1.0,0.0,0.0,2,6,adam,0,1.0,he_normal,path,86,0.1666666716337204,2.2238643169403076,0.0847092494368553,2.308099881889894,True
path,relu,zeros,cnn_zoo_new,cnn,0.0,86,20,1.0,0.0,0.0,2,6,adam,0,1.0,he_normal,path,86,0.22333332896232605,2.0009093284606934,0.0847092494368553,2.308099881889894,True
path,relu,zeros,cnn_zoo_new,cnn,0.0,86,20,1.0,0.0,0.0,2,6,adam,0,1.0,he_normal,path,86,0.15333333611488342,2.21785306930542,0.0847092494368553,2.308099881889894,True
path,relu,zeros,cnn_zoo_new,cnn,0.0,86,20,1.0,0.0,0.0,2,6,adam,0,1.0,he_normal,path,86,0.12999999523162842,2.187340497970581,0.0847092494368553,2.308099881889894,True
path,relu,zeros,cnn_zoo_new,cnn,0.0,86,20,1.0,0.0,0.0,2,6,adam,0,1.0,he_normal,path,86,0.15333333611488342,2.1821935176849365,0.0847092494368553,2.308099881889894,True
path,relu,zeros,cnn_zoo_new,cnn,0.0,86,20,1.0,0.0,0.0,2,6,adam,0,1.0,he_normal,path,86,0.1899999976158142,2.16560435295105,0.0847092494368553,2.308099881889894,True
path,relu,zeros,cnn_zoo_new,cnn,0.0,86,20,1.0,0.0,0.0,2,6,adam,0,1.0,he_normal,path,86,0.10000000149011612,2.192244291305542,0.0847092494368553,2.308099881889894,True
path,relu,zeros,cnn_zoo_new,cnn,0.0,86,20,1.0,0.0,0.0,2,6,adam,0,1.0,he_normal,path,86,0.12333333492279053,2.232184886932373,0.0847092494368553,2.308099881889894,True
path,relu,zeros,cnn_zoo_new,cnn,0.0,86,20,1.0,0.0,0.0,2,6,adam,0,1.0,he_normal,path,86,0.14000000059604645,2.236544370651245,0.0847092494368553,2.308099881889894,True
path,relu,zeros,cnn_zoo_new,cnn,0.0,86,20,1.0,0.0,0.0,2,6,adam,0,1.0,he_normal,path,86,0.10999999940395355,2.2238430976867676,0.0847092494368553,2.308099881889894,True
path,relu,zeros,cnn_zoo_new,cnn,0.0,86,20,1.0,0.0,0.0,2,6,adam,0,1.0,he_normal,path,86,0.10000000149011612,2.2138190269470215,0.0847092494368553,2.308099881889894,True
path,relu,zeros,cnn_zoo_new,cnn,0.0,86,20,1.0,0.0,0.0,2,6,adam,0,1.0,he_normal,path,86,0.1666666716337204,2.197345495223999,0.0847092494368553,2.308099881889894,True
path,relu,zeros,cnn_zoo_new,cnn,0.0,86,20,1.0,0.0,0.0,2,6,adam,0,1.0,he_normal,path,86,0.1066666692495346,2.2730660438537598,0.0847092494368553,2.308099881889894,True
path,relu,zeros,cnn_zoo_new,cnn,0.0,86,20,1.0,0.0,0.0,2,6,adam,0,1.0,he_normal,path,86,0.20666666328907013,2.190035343170166,0.0847092494368553,2.308099881889894,True
path,relu,zeros,cnn_zoo_new,cnn,0.0,86,20,1.0,0.0,0.0,2,6,adam,0,1.0,he_normal,path,86,0.17666666209697723,2.156729221343994,0.0847092494368553,2.308099881889894,True
path,relu,zeros,cnn_zoo_new,cnn,0.0,86,20,1.0,0.0,0.0,2,6,adam,0,1.0,he_normal,path,86,0.19333332777023315,2.2499308586120605,0.0847092494368553,2.308099881889894,True
path,relu,zeros,cnn_zoo_new,cnn,0.0,86,20,1.0,0.0,0.0,2,6,adam,0,1.0,he_normal,path,86,0.11999999731779099,2.2673327922821045,0.0847092494368553,2.308099881889894,True
path,relu,zeros,cnn_zoo_new,cnn,0.0,86,20,1.0,0.0,0.0,2,6,adam,0,1.0,he_normal,path,86,0.20999999344348907,2.145265817642212,0.0847092494368553,2.308099881889894,True
path,relu,zeros,cnn_zoo_new,cnn,0.0,86,20,1.0,0.0,0.0,2,6,adam,0,1.0,he_normal,path,86,0.1433333307504654,2.2219057083129883,0.0847092494368553,2.308099881889894,True
path,relu,zeros,cnn_zoo_new,cnn,0.0,86,20,1.0,0.0,0.0,2,6,adam,0,1.0,he_normal,path,86,0.11666666716337204,2.210010290145874,0.0847092494368553,2.308099881889894,True
path,relu,zeros,cnn_zoo_new,cnn,0.0,86,20,1.0,0.0,0.0,2,6,adam,0,1.0,he_normal,path,86,0.18333333730697632,2.1288812160491943,0.0847092494368553,2.308099881889894,True
path,relu,zeros,cnn_zoo_new,cnn,0.0,86,20,1.0,0.0,0.0,2,6,adam,0,1.0,he_normal,path,86,0.15000000596046448,2.2398769855499268,0.0847092494368553,2.308099881889894,True
path,relu,zeros,cnn_zoo_new,cnn,0.0,86,20,1.0,0.0,0.0,2,6,adam,0,1.0,he_normal,path,86,0.3400000035762787,1.8496496677398682,0.0847092494368553,2.308099881889894,True
path,relu,zeros,cnn_zoo_new,cnn,0.0,86,20,1.0,0.0,0.0,2,6,adam,0,1.0,he_normal,path,86,0.25999999046325684,2.0589759349823,0.0847092494368553,2.308099881889894,True
path,relu,zeros,cnn_zoo_new,cnn,0.0,86,20,1.0,0.0,0.0,2,6,adam,0,1.0,he_normal,path,86,0.15000000596046448,2.2663040161132812,0.0847092494368553,2.308099881889894,True
path,relu,zeros,cnn_zoo_new,cnn,0.0,86,20,1.0,0.0,0.0,2,6,adam,0,1.0,he_normal,path,86,0.2133333384990692,2.2198328971862793,0.0847092494368553,2.308099881889894,True
path,relu,zeros,cnn_zoo_new,cnn,0.0,86,20,1.0,0.0,0.0,2,6,adam,0,1.0,he_normal,path,86,0.1366666704416275,2.262420415878296,0.0847092494368553,2.308099881889894,True
path,relu,zeros,cnn_zoo_new,cnn,0.0,86,20,1.0,0.0,0.0,2,6,adam,0,1.0,he_normal,path,86,0.16333332657814026,2.2409191131591797,0.0847092494368553,2.308099881889894,True
path,relu,zeros,cnn_zoo_new,cnn,0.0,86,20,1.0,0.0,0.0,2,6,adam,0,1.0,he_normal,path,86,0.20666666328907013,2.1405184268951416,0.0847092494368553,2.308099881889894,True
path,relu,zeros,cnn_zoo_new,cnn,0.0,86,20,1.0,0.0,0.0,2,6,adam,0,1.0,he_normal,path,86,0.1966666728258133,2.2620232105255127,0.0847092494368553,2.308099881889894,True
path,relu,zeros,cnn_zoo_new,cnn,0.0,86,20,1.0,0.0,0.0,2,6,adam,0,1.0,he_normal,path,86,0.20000000298023224,2.1661508083343506,0.0847092494368553,2.308099881889894,True
path,relu,zeros,cnn_zoo_new,cnn,0.0,86,20,1.0,0.0,0.0,2,6,adam,0,1.0,he_normal,path,86,0.10000000149011612,2.2966442108154297,0.0847092494368553,2.308099881889894,True
path,relu,zeros,cnn_zoo_new,cnn,0.0,86,20,1.0,0.0,0.0,2,6,adam,0,1.0,he_normal,path,86,0.12333333492279053,2.2387688159942627,0.0847092494368553,2.308099881889894,True
path,relu,zeros,cnn_zoo_new,cnn,0.0,86,20,1.0,0.0,0.0,2,6,adam,0,1.0,he_normal,path,86,0.1366666704416275,2.264573812484741,0.0847092494368553,2.308099881889894,True
path,relu,zeros,cnn_zoo_new,cnn,0.0,86,20,1.0,0.0,0.0,2,6,adam,0,1.0,he_normal,path,86,0.2433333396911621,2.1531472206115723,0.0847092494368553,2.308099881889894,True
path,relu,zeros,cnn_zoo_new,cnn,0.0,86,20,1.0,0.0,0.0,2,6,adam,0,1.0,he_normal,path,86,0.1599999964237213,2.185386896133423,0.0847092494368553,2.308099881889894,True
path,relu,zeros,cnn_zoo_new,cnn,0.0,86,20,1.0,0.0,0.0,2,6,adam,0,1.0,he_normal,path,86,0.20333333313465118,2.2623612880706787,0.0847092494368553,2.308099881889894,True
path,relu,zeros,cnn_zoo_new,cnn,0.0,86,20,1.0,0.0,0.0,2,6,adam,0,1.0,he_normal,path,86,0.21666666865348816,2.169781446456909,0.0847092494368553,2.308099881889894,True
path,relu,zeros,cnn_zoo_new,cnn,0.0,86,20,1.0,0.0,0.0,2,6,adam,0,1.0,he_normal,path,86,0.27000001072883606,2.1391687393188477,0.0847092494368553,2.308099881889894,True
path,relu,zeros,cnn_zoo_new,cnn,0.0,86,20,1.0,0.0,0.0,2,6,adam,0,1.0,he_normal,path,86,0.11999999731779099,2.2533559799194336,0.0847092494368553,2.308099881889894,True
path,relu,zeros,cnn_zoo_new,cnn,0.0,86,20,1.0,0.0,0.0,2,6,adam,0,1.0,he_normal,path,86,0.1666666716337204,2.2516374588012695,0.0847092494368553,2.308099881889894,True
path,relu,zeros,cnn_zoo_new,cnn,0.0,86,20,1.0,0.0,0.0,2,6,adam,0,1.0,he_normal,path,86,0.2633333206176758,2.0687508583068848,0.0847092494368553,2.308099881889894,True
path,relu,zeros,cnn_zoo_new,cnn,0.0,86,20,1.0,0.0,0.0,2,6,adam,0,1.0,he_normal,path,86,0.20999999344348907,2.1952309608459473,0.0847092494368553,2.308099881889894,True
path,relu,zeros,cnn_zoo_new,cnn,0.0,86,20,1.0,0.0,0.0,2,6,adam,0,1.0,he_normal,path,86,0.11999999731779099,2.24397611618042,0.0847092494368553,2.308099881889894,True
path,relu,zeros,cnn_zoo_new,cnn,0.0,86,20,1.0,0.0,0.0,2,6,adam,0,1.0,he_normal,path,86,0.23666666448116302,2.1186211109161377,0.0847092494368553,2.308099881889894,True
path,relu,zeros,cnn_zoo_new,cnn,0.0,86,20,1.0,0.0,0.0,2,6,adam,0,1.0,he_normal,path,86,0.15333333611488342,2.230980396270752,0.0847092494368553,2.308099881889894,True
path,relu,zeros,cnn_zoo_new,cnn,0.0,86,20,1.0,0.0,0.0,2,6,adam,0,1.0,he_normal,path,86,0.09666666388511658,2.2710635662078857,0.0847092494368553,2.308099881889894,True
path,relu,zeros,cnn_zoo_new,cnn,0.0,86,20,1.0,0.0,0.0,2,6,adam,0,1.0,he_normal,path,86,0.12333333492279053,2.2895781993865967,0.0847092494368553,2.308099881889894,True
path,relu,zeros,cnn_zoo_new,cnn,0.0,86,20,1.0,0.0,0.0,2,6,adam,0,1.0,he_normal,path,86,0.14000000059604645,2.2793171405792236,0.0847092494368553,2.308099881889894,True
path,relu,zeros,cnn_zoo_new,cnn,0.0,86,20,1.0,0.0,0.0,2,6,adam,0,1.0,he_normal,path,86,0.18333333730697632,2.1411540508270264,0.0847092494368553,2.308099881889894,True
path,relu,zeros,cnn_zoo_new,cnn,0.0,86,20,1.0,0.0,0.0,2,6,adam,0,1.0,he_normal,path,86,0.20000000298023224,2.2402210235595703,0.0847092494368553,2.308099881889894,True
path,relu,zeros,cnn_zoo_new,cnn,0.0,86,20,1.0,0.0,0.0,2,6,adam,0,1.0,he_normal,path,86,0.07999999821186066,2.241238594055176,0.0847092494368553,2.308099881889894,True
path,relu,zeros,cnn_zoo_new,cnn,0.0,86,20,1.0,0.0,0.0,2,6,adam,0,1.0,he_normal,path,86,0.14666666090488434,2.2066380977630615,0.0847092494368553,2.308099881889894,True
path,relu,zeros,cnn_zoo_new,cnn,0.0,86,20,1.0,0.0,0.0,2,6,adam,0,1.0,he_normal,path,86,0.12999999523162842,2.260608434677124,0.0847092494368553,2.308099881889894,True
path,relu,zeros,cnn_zoo_new,cnn,0.0,86,20,1.0,0.0,0.0,2,6,adam,0,1.0,he_normal,path,86,0.1366666704416275,2.196892738342285,0.0847092494368553,2.308099881889894,True
path,relu,zeros,cnn_zoo_new,cnn,0.0,86,20,1.0,0.0,0.0,2,6,adam,0,1.0,he_normal,path,86,0.1599999964237213,2.1667168140411377,0.0847092494368553,2.308099881889894,True
path,relu,zeros,cnn_zoo_new,cnn,0.0,86,20,1.0,0.0,0.0,2,6,adam,0,1.0,he_normal,path,86,0.12333333492279053,2.228543281555176,0.0847092494368553,2.308099881889894,True
path,relu,zeros,cnn_zoo_new,cnn,0.0,86,20,1.0,0.0,0.0,2,6,adam,0,1.0,he_normal,path,86,0.18333333730697632,2.2343034744262695,0.0847092494368553,2.308099881889894,True
path,relu,zeros,cnn_zoo_new,cnn,0.0,86,20,1.0,0.0,0.0,2,6,adam,0,1.0,he_normal,path,86,0.10000000149011612,2.2899386882781982,0.0847092494368553,2.308099881889894,True
path,relu,zeros,cnn_zoo_new,cnn,0.0,86,20,1.0,0.0,0.0,2,6,adam,0,1.0,he_normal,path,86,0.17666666209697723,2.203199863433838,0.0847092494368553,2.308099881889894,True
path,relu,zeros,cnn_zoo_new,cnn,0.0,86,20,1.0,0.0,0.0,2,6,adam,0,1.0,he_normal,path,86,0.1133333370089531,2.208407402038574,0.0847092494368553,2.308099881889894,True
path,relu,zeros,cnn_zoo_new,cnn,0.0,86,20,1.0,0.0,0.0,2,6,adam,0,1.0,he_normal,path,86,0.1966666728258133,2.0557806491851807,0.0847092494368553,2.308099881889894,True
path,relu,zeros,cnn_zoo_new,cnn,0.0,86,20,1.0,0.0,0.0,2,6,adam,0,1.0,he_normal,path,86,0.1733333319425583,2.2093610763549805,0.0847092494368553,2.308099881889894,True
path,relu,zeros,cnn_zoo_new,cnn,0.0,86,20,1.0,0.0,0.0,2,6,adam,0,1.0,he_normal,path,86,0.14000000059604645,2.2471370697021484,0.0847092494368553,2.308099881889894,True
path,relu,zeros,cnn_zoo_new,cnn,0.0,86,20,1.0,0.0,0.0,2,6,adam,0,1.0,he_normal,path,86,0.1599999964237213,2.2687792778015137,0.0847092494368553,2.308099881889894,True
path,relu,zeros,cnn_zoo_new,cnn,0.0,86,20,1.0,0.0,0.0,2,6,adam,0,1.0,he_normal,path,86,0.2199999988079071,2.139232873916626,0.0847092494368553,2.308099881889894,True
path,relu,zeros,cnn_zoo_new,cnn,0.0,86,20,1.0,0.0,0.0,2,6,adam,0,1.0,he_normal,path,86,0.18000000715255737,2.1794593334198,0.0847092494368553,2.308099881889894,True
path,relu,zeros,cnn_zoo_new,cnn,0.0,86,20,1.0,0.0,0.0,2,6,adam,0,1.0,he_normal,path,86,0.1366666704416275,2.2486019134521484,0.0847092494368553,2.308099881889894,True
path,relu,zeros,cnn_zoo_new,cnn,0.0,86,20,1.0,0.0,0.0,2,6,adam,0,1.0,he_normal,path,86,0.27000001072883606,2.1434264183044434,0.0847092494368553,2.308099881889894,True
path,relu,zeros,cnn_zoo_new,cnn,0.0,86,20,1.0,0.0,0.0,2,6,adam,0,1.0,he_normal,path,86,0.0833333358168602,2.243790864944458,0.0847092494368553,2.308099881889894,True
path,relu,zeros,cnn_zoo_new,cnn,0.0,86,20,1.0,0.0,0.0,2,6,adam,0,1.0,he_normal,path,86,0.18333333730697632,2.2209556102752686,0.0847092494368553,2.308099881889894,True
path,relu,zeros,cnn_zoo_new,cnn,0.0,86,20,1.0,0.0,0.0,2,6,adam,0,1.0,he_normal,path,86,0.21666666865348816,2.1566600799560547,0.0847092494368553,2.308099881889894,True
path,relu,zeros,cnn_zoo_new,cnn,0.0,86,20,1.0,0.0,0.0,2,6,adam,0,1.0,he_normal,path,86,0.10000000149011612,2.2309176921844482,0.0847092494368553,2.308099881889894,True
path,relu,zeros,cnn_zoo_new,cnn,0.0,86,20,1.0,0.0,0.0,2,6,adam,0,1.0,he_normal,path,86,0.13333334028720856,2.2508490085601807,0.0847092494368553,2.308099881889894,True
path,relu,zeros,cnn_zoo_new,cnn,0.0,86,20,1.0,0.0,0.0,2,6,adam,0,1.0,he_normal,path,86,0.1599999964237213,2.199805974960327,0.0847092494368553,2.308099881889894,True
path,relu,zeros,cnn_zoo_new,cnn,0.0,86,20,1.0,0.0,0.0,2,6,adam,0,1.0,he_normal,path,86,0.22333332896232605,2.140212297439575,0.0847092494368553,2.308099881889894,True
path,relu,zeros,cnn_zoo_new,cnn,0.0,86,20,1.0,0.0,0.0,2,6,adam,0,1.0,he_normal,path,86,0.1599999964237213,2.2069196701049805,0.0847092494368553,2.308099881889894,True
path,relu,zeros,cnn_zoo_new,cnn,0.0,86,20,1.0,0.0,0.0,2,6,adam,0,1.0,he_normal,path,86,0.18000000715255737,2.115812063217163,0.0847092494368553,2.308099881889894,True
path,relu,zeros,cnn_zoo_new,cnn,0.0,86,20,1.0,0.0,0.0,2,6,adam,0,1.0,he_normal,path,86,0.14666666090488434,2.251892328262329,0.0847092494368553,2.308099881889894,True
path,relu,zeros,cnn_zoo_new,cnn,0.0,86,20,1.0,0.0,0.0,2,6,adam,0,1.0,he_normal,path,86,0.10333333164453506,2.266521453857422,0.0847092494368553,2.308099881889894,True
path,relu,zeros,cnn_zoo_new,cnn,0.0,86,20,1.0,0.0,0.0,2,6,adam,0,1.0,he_normal,path,86,0.15666666626930237,2.14658522605896,0.0847092494368553,2.308099881889894,True
path,relu,zeros,cnn_zoo_new,cnn,0.0,86,20,1.0,0.0,0.0,2,6,adam,0,1.0,he_normal,path,86,0.12333333492279053,2.281391143798828,0.0847092494368553,2.308099881889894,True
path,relu,zeros,cnn_zoo_new,cnn,0.0,86,20,1.0,0.0,0.0,2,6,adam,0,1.0,he_normal,path,86,0.1733333319425583,2.21578311920166,0.0847092494368553,2.308099881889894,True
path,relu,zeros,cnn_zoo_new,cnn,0.0,86,20,1.0,0.0,0.0,2,6,adam,0,1.0,he_normal,path,86,0.10333333164453506,2.2849886417388916,0.0847092494368553,2.308099881889894,True
path,relu,zeros,cnn_zoo_new,cnn,0.0,86,20,1.0,0.0,0.0,2,6,adam,0,1.0,he_normal,path,86,0.18000000715255737,2.1932804584503174,0.0847092494368553,2.308099881889894,True
path,relu,zeros,cnn_zoo_new,cnn,0.0,86,20,1.0,0.0,0.0,2,6,adam,0,1.0,he_normal,path,86,0.1066666692495346,2.269592046737671,0.0847092494368553,2.308099881889894,True
path,relu,zeros,cnn_zoo_new,cnn,0.0,86,20,1.0,0.0,0.0,2,6,adam,0,1.0,he_normal,path,86,0.10000000149011612,2.2199151515960693,0.0847092494368553,2.308099881889894,True
path,relu,zeros,cnn_zoo_new,cnn,0.0,86,20,1.0,0.0,0.0,2,6,adam,0,1.0,he_normal,path,86,0.12999999523162842,2.2002475261688232,0.0847092494368553,2.308099881889894,True
path,relu,zeros,cnn_zoo_new,cnn,0.0,86,20,1.0,0.0,0.0,2,6,adam,0,1.0,he_normal,path,86,0.1733333319425583,2.18323016166687,0.0847092494368553,2.308099881889894,True
path,relu,zeros,cnn_zoo_new,cnn,0.0,86,20,1.0,0.0,0.0,2,6,adam,0,1.0,he_normal,path,86,0.1599999964237213,2.1824772357940674,0.0847092494368553,2.308099881889894,True
path,relu,zeros,cnn_zoo_new,cnn,0.0,86,20,1.0,0.0,0.0,2,6,adam,0,1.0,he_normal,path,86,0.16333332657814026,2.2615458965301514,0.0847092494368553,2.308099881889894,True
path,relu,zeros,cnn_zoo_new,cnn,0.0,86,20,1.0,0.0,0.0,2,6,adam,0,1.0,he_normal,path,86,0.21666666865348816,2.1391220092773438,0.0847092494368553,2.308099881889894,True
path,relu,zeros,cnn_zoo_new,cnn,0.0,86,20,1.0,0.0,0.0,2,6,adam,0,1.0,he_normal,path,86,0.15333333611488342,2.2653696537017822,0.0847092494368553,2.308099881889894,True
path,relu,zeros,cnn_zoo_new,cnn,0.0,86,20,1.0,0.0,0.0,2,6,adam,0,1.0,he_normal,path,86,0.10000000149011612,2.2585675716400146,0.0847092494368553,2.308099881889894,True
path,relu,zeros,cnn_zoo_new,cnn,0.0,86,20,1.0,0.0,0.0,2,6,adam,0,1.0,he_normal,path,86,0.18000000715255737,2.12984561920166,0.0847092494368553,2.308099881889894,True
path,relu,zeros,cnn_zoo_new,cnn,0.0,86,20,1.0,0.0,0.0,2,6,adam,0,1.0,he_normal,path,86,0.1366666704416275,2.2883267402648926,0.0847092494368553,2.308099881889894,True
path,relu,zeros,cnn_zoo_new,cnn,0.0,86,20,1.0,0.0,0.0,2,6,adam,0,1.0,he_normal,path,86,0.15000000596046448,2.2551429271698,0.0847092494368553,2.308099881889894,True
path,relu,zeros,cnn_zoo_new,cnn,0.0,86,20,1.0,0.0,0.0,2,6,adam,0,1.0,he_normal,path,86,0.3100000023841858,1.942692518234253,0.0847092494368553,2.308099881889894,True
path,relu,zeros,cnn_zoo_new,cnn,0.0,86,20,1.0,0.0,0.0,2,6,adam,0,1.0,he_normal,path,86,0.20333333313465118,2.251603126525879,0.0847092494368553,2.308099881889894,True
path,relu,zeros,cnn_zoo_new,cnn,0.0,86,20,1.0,0.0,0.0,2,6,adam,0,1.0,he_normal,path,86,0.1966666728258133,2.236919641494751,0.0847092494368553,2.308099881889894,True
path,relu,zeros,cnn_zoo_new,cnn,0.0,86,20,1.0,0.0,0.0,2,6,adam,0,1.0,he_normal,path,86,0.1733333319425583,2.2571964263916016,0.0847092494368553,2.308099881889894,True
path,relu,zeros,cnn_zoo_new,cnn,0.0,86,20,1.0,0.0,0.0,2,6,adam,0,1.0,he_normal,path,86,0.2133333384990692,2.141596555709839,0.0847092494368553,2.308099881889894,True
path,relu,zeros,cnn_zoo_new,cnn,0.0,86,20,1.0,0.0,0.0,2,6,adam,0,1.0,he_normal,path,86,0.1733333319425583,2.1163034439086914,0.0847092494368553,2.308099881889894,True
path,relu,zeros,cnn_zoo_new,cnn,0.0,86,20,1.0,0.0,0.0,2,6,adam,0,1.0,he_normal,path,86,0.23333333432674408,2.1772334575653076,0.0847092494368553,2.308099881889894,True
path,relu,zeros,cnn_zoo_new,cnn,0.0,86,20,1.0,0.0,0.0,2,6,adam,0,1.0,he_normal,path,86,0.2133333384990692,2.1488349437713623,0.0847092494368553,2.308099881889894,True
path,relu,zeros,cnn_zoo_new,cnn,0.0,86,20,1.0,0.0,0.0,2,6,adam,0,1.0,he_normal,path,86,0.12999999523162842,2.279198169708252,0.0847092494368553,2.308099881889894,True
path,relu,zeros,cnn_zoo_new,cnn,0.0,86,20,1.0,0.0,0.0,2,6,adam,0,1.0,he_normal,path,86,0.10999999940395355,2.231811285018921,0.0847092494368553,2.308099881889894,True
path,relu,zeros,cnn_zoo_new,cnn,0.0,86,20,1.0,0.0,0.0,2,6,adam,0,1.0,he_normal,path,86,0.19333332777023315,2.2127623558044434,0.0847092494368553,2.308099881889894,True
path,relu,zeros,cnn_zoo_new,cnn,0.0,86,20,1.0,0.0,0.0,2,6,adam,0,1.0,he_normal,path,86,0.14000000059604645,2.228196859359741,0.0847092494368553,2.308099881889894,True
path,relu,zeros,cnn_zoo_new,cnn,0.0,86,20,1.0,0.0,0.0,2,6,adam,0,1.0,he_normal,path,86,0.1066666692495346,2.2345571517944336,0.0847092494368553,2.308099881889894,True
path,relu,zeros,cnn_zoo_new,cnn,0.0,86,20,1.0,0.0,0.0,2,6,adam,0,1.0,he_normal,path,86,0.1966666728258133,2.2578747272491455,0.0847092494368553,2.308099881889894,True
path,relu,zeros,cnn_zoo_new,cnn,0.0,86,20,1.0,0.0,0.0,2,6,adam,0,1.0,he_normal,path,86,0.11999999731779099,2.2470970153808594,0.0847092494368553,2.308099881889894,True
path,relu,zeros,cnn_zoo_new,cnn,0.0,86,20,1.0,0.0,0.0,2,6,adam,0,1.0,he_normal,path,86,0.16333332657814026,2.215078115463257,0.0847092494368553,2.308099881889894,True
path,relu,zeros,cnn_zoo_new,cnn,0.0,86,20,1.0,0.0,0.0,2,6,adam,0,1.0,he_normal,path,86,0.18666666746139526,2.145878314971924,0.0847092494368553,2.308099881889894,True
path,relu,zeros,cnn_zoo_new,cnn,0.0,86,20,1.0,0.0,0.0,2,6,adam,0,1.0,he_normal,path,86,0.25333333015441895,2.0312695503234863,0.0847092494368553,2.308099881889894,True
path,relu,zeros,cnn_zoo_new,cnn,0.0,86,20,1.0,0.0,0.0,2,6,adam,0,1.0,he_normal,path,86,0.2266666740179062,2.2182259559631348,0.0847092494368553,2.308099881889894,True
path,relu,zeros,cnn_zoo_new,cnn,0.0,86,20,1.0,0.0,0.0,2,6,adam,0,1.0,he_normal,path,86,0.12666666507720947,2.2349417209625244,0.0847092494368553,2.308099881889894,True
path,relu,zeros,cnn_zoo_new,cnn,0.0,86,20,1.0,0.0,0.0,2,6,adam,0,1.0,he_normal,path,86,0.10000000149011612,2.2352898120880127,0.0847092494368553,2.308099881889894,True
path,relu,zeros,cnn_zoo_new,cnn,0.0,86,20,1.0,0.0,0.0,2,6,adam,0,1.0,he_normal,path,86,0.12666666507720947,2.234212875366211,0.0847092494368553,2.308099881889894,True
path,relu,zeros,cnn_zoo_new,cnn,0.0,86,20,1.0,0.0,0.0,2,6,adam,0,1.0,he_normal,path,86,0.09666666388511658,2.2720255851745605,0.0847092494368553,2.308099881889894,True
path,relu,zeros,cnn_zoo_new,cnn,0.0,86,20,1.0,0.0,0.0,2,6,adam,0,1.0,he_normal,path,86,0.14666666090488434,2.2847135066986084,0.0847092494368553,2.308099881889894,True
path,relu,zeros,cnn_zoo_new,cnn,0.0,86,20,1.0,0.0,0.0,2,6,adam,0,1.0,he_normal,path,86,0.3233333230018616,1.95350182056427,0.0847092494368553,2.308099881889894,True
path,relu,zeros,cnn_zoo_new,cnn,0.0,86,20,1.0,0.0,0.0,2,6,adam,0,1.0,he_normal,path,86,0.14000000059604645,2.257390022277832,0.0847092494368553,2.308099881889894,True
path,relu,zeros,cnn_zoo_new,cnn,0.0,86,20,1.0,0.0,0.0,2,6,adam,0,1.0,he_normal,path,86,0.20999999344348907,2.2453718185424805,0.0847092494368553,2.308099881889894,True
path,relu,zeros,cnn_zoo_new,cnn,0.0,86,20,1.0,0.0,0.0,2,6,adam,0,1.0,he_normal,path,86,0.07000000029802322,2.284234046936035,0.0847092494368553,2.308099881889894,True
path,relu,zeros,cnn_zoo_new,cnn,0.0,86,20,1.0,0.0,0.0,2,6,adam,0,1.0,he_normal,path,86,0.15000000596046448,2.224858283996582,0.0847092494368553,2.308099881889894,True
path,relu,zeros,cnn_zoo_new,cnn,0.0,86,20,1.0,0.0,0.0,2,6,adam,0,1.0,he_normal,path,86,0.2800000011920929,2.1783268451690674,0.0847092494368553,2.308099881889894,True
path,relu,zeros,cnn_zoo_new,cnn,0.0,86,20,1.0,0.0,0.0,2,6,adam,0,1.0,he_normal,path,86,0.1133333370089531,2.267601490020752,0.0847092494368553,2.308099881889894,True
path,relu,zeros,cnn_zoo_new,cnn,0.0,86,20,1.0,0.0,0.0,2,6,adam,0,1.0,he_normal,path,86,0.12333333492279053,2.2532007694244385,0.0847092494368553,2.308099881889894,True
path,relu,zeros,cnn_zoo_new,cnn,0.0,86,20,1.0,0.0,0.0,2,6,adam,0,1.0,he_normal,path,86,0.23666666448116302,2.0841493606567383,0.0847092494368553,2.308099881889894,True
path,relu,zeros,cnn_zoo_new,cnn,0.0,86,20,1.0,0.0,0.0,2,6,adam,0,1.0,he_normal,path,86,0.25333333015441895,2.2038490772247314,0.0847092494368553,2.308099881889894,True
path,relu,zeros,cnn_zoo_new,cnn,0.0,86,20,1.0,0.0,0.0,2,6,adam,0,1.0,he_normal,path,86,0.11999999731779099,2.240769863128662,0.0847092494368553,2.308099881889894,True
path,relu,zeros,cnn_zoo_new,cnn,0.0,86,20,1.0,0.0,0.0,2,6,adam,0,1.0,he_normal,path,86,0.11666666716337204,2.2109220027923584,0.0847092494368553,2.308099881889894,True
path,relu,zeros,cnn_zoo_new,cnn,0.0,86,20,1.0,0.0,0.0,2,6,adam,0,1.0,he_normal,path,86,0.10000000149011612,2.276991844177246,0.0847092494368553,2.308099881889894,True
path,relu,zeros,cnn_zoo_new,cnn,0.0,86,20,1.0,0.0,0.0,2,6,adam,0,1.0,he_normal,path,86,0.22333332896232605,2.074514389038086,0.0847092494368553,2.308099881889894,True
path,relu,zeros,cnn_zoo_new,cnn,0.0,86,20,1.0,0.0,0.0,2,6,adam,0,1.0,he_normal,path,86,0.18666666746139526,2.1841509342193604,0.0847092494368553,2.308099881889894,True
path,relu,zeros,cnn_zoo_new,cnn,0.0,86,20,1.0,0.0,0.0,2,6,adam,0,1.0,he_normal,path,86,0.0833333358168602,2.2975621223449707,0.0847092494368553,2.308099881889894,True
path,relu,zeros,cnn_zoo_new,cnn,0.0,86,20,1.0,0.0,0.0,2,6,adam,0,1.0,he_normal,path,86,0.14000000059604645,2.2199060916900635,0.0847092494368553,2.308099881889894,True
path,relu,zeros,cnn_zoo_new,cnn,0.0,86,20,1.0,0.0,0.0,2,6,adam,0,1.0,he_normal,path,86,0.2199999988079071,2.155043840408325,0.0847092494368553,2.308099881889894,True
path,relu,zeros,cnn_zoo_new,cnn,0.0,86,20,1.0,0.0,0.0,2,6,adam,0,1.0,he_normal,path,86,0.18333333730697632,2.2342147827148438,0.0847092494368553,2.308099881889894,True
path,relu,zeros,cnn_zoo_new,cnn,0.0,86,20,1.0,0.0,0.0,2,6,adam,0,1.0,he_normal,path,86,0.2266666740179062,2.229407787322998,0.0847092494368553,2.308099881889894,True
path,relu,zeros,cnn_zoo_new,cnn,0.0,86,20,1.0,0.0,0.0,2,6,adam,0,1.0,he_normal,path,86,0.18333333730697632,2.2213265895843506,0.0847092494368553,2.308099881889894,True
path,relu,zeros,cnn_zoo_new,cnn,0.0,86,20,1.0,0.0,0.0,2,6,adam,0,1.0,he_normal,path,86,0.15000000596046448,2.200758457183838,0.0847092494368553,2.308099881889894,True
path,relu,zeros,cnn_zoo_new,cnn,0.0,86,20,1.0,0.0,0.0,2,6,adam,0,1.0,he_normal,path,86,0.1133333370089531,2.2928428649902344,0.0847092494368553,2.308099881889894,True
path,relu,zeros,cnn_zoo_new,cnn,0.0,86,20,1.0,0.0,0.0,2,6,adam,0,1.0,he_normal,path,86,0.10333333164453506,2.2951667308807373,0.0847092494368553,2.308099881889894,True
path,relu,zeros,cnn_zoo_new,cnn,0.0,86,20,1.0,0.0,0.0,2,6,adam,0,1.0,he_normal,path,86,0.20999999344348907,2.1979334354400635,0.0847092494368553,2.308099881889894,True
path,relu,zeros,cnn_zoo_new,cnn,0.0,86,20,1.0,0.0,0.0,2,6,adam,0,1.0,he_normal,path,86,0.20333333313465118,2.154879570007324,0.0847092494368553,2.308099881889894,True
path,relu,zeros,cnn_zoo_new,cnn,0.0,86,20,1.0,0.0,0.0,2,6,adam,0,1.0,he_normal,path,86,0.21666666865348816,2.044093132019043,0.0847092494368553,2.308099881889894,True
path,relu,zeros,cnn_zoo_new,cnn,0.0,86,20,1.0,0.0,0.0,2,6,adam,0,1.0,he_normal,path,86,0.16333332657814026,2.167171001434326,0.0847092494368553,2.308099881889894,True
path,relu,zeros,cnn_zoo_new,cnn,0.0,86,20,1.0,0.0,0.0,2,6,adam,0,1.0,he_normal,path,86,0.20666666328907013,2.1521549224853516,0.0847092494368553,2.308099881889894,True
path,relu,zeros,cnn_zoo_new,cnn,0.0,86,20,1.0,0.0,0.0,2,6,adam,0,1.0,he_normal,path,86,0.11666666716337204,2.265303611755371,0.0847092494368553,2.308099881889894,True
path,relu,zeros,cnn_zoo_new,cnn,0.0,86,20,1.0,0.0,0.0,2,6,adam,0,1.0,he_normal,path,86,0.12666666507720947,2.2949397563934326,0.0847092494368553,2.308099881889894,True
path,relu,zeros,cnn_zoo_new,cnn,0.0,86,20,1.0,0.0,0.0,2,6,adam,0,1.0,he_normal,path,86,0.12666666507720947,2.2775020599365234,0.0847092494368553,2.308099881889894,True
path,relu,zeros,cnn_zoo_new,cnn,0.0,86,20,1.0,0.0,0.0,2,6,adam,0,1.0,he_normal,path,86,0.18666666746139526,2.2451858520507812,0.0847092494368553,2.308099881889894,True
path,relu,zeros,cnn_zoo_new,cnn,0.0,86,20,1.0,0.0,0.0,2,6,adam,0,1.0,he_normal,path,86,0.1066666692495346,2.2363219261169434,0.0847092494368553,2.308099881889894,True
path,relu,zeros,cnn_zoo_new,cnn,0.0,86,20,1.0,0.0,0.0,2,6,adam,0,1.0,he_normal,path,86,0.1133333370089531,2.218118667602539,0.0847092494368553,2.308099881889894,True
path,relu,zeros,cnn_zoo_new,cnn,0.0,86,20,1.0,0.0,0.0,2,6,adam,0,1.0,he_normal,path,86,0.1666666716337204,2.2027039527893066,0.0847092494368553,2.308099881889894,True
path,relu,zeros,cnn_zoo_new,cnn,0.0,86,20,1.0,0.0,0.0,2,6,adam,0,1.0,he_normal,path,86,0.13333334028720856,2.2275519371032715,0.0847092494368553,2.308099881889894,True
path,relu,zeros,cnn_zoo_new,cnn,0.0,86,20,1.0,0.0,0.0,2,6,adam,0,1.0,he_normal,path,86,0.11999999731779099,2.2326877117156982,0.0847092494368553,2.308099881889894,True
path,relu,zeros,cnn_zoo_new,cnn,0.0,86,20,1.0,0.0,0.0,2,6,adam,0,1.0,he_normal,path,86,0.1066666692495346,2.251070976257324,0.0847092494368553,2.308099881889894,True
path,relu,zeros,cnn_zoo_new,cnn,0.0,86,20,1.0,0.0,0.0,2,6,adam,0,1.0,he_normal,path,86,0.14666666090488434,2.2923285961151123,0.0847092494368553,2.308099881889894,True
path,relu,zeros,cnn_zoo_new,cnn,0.0,86,20,1.0,0.0,0.0,2,6,adam,0,1.0,he_normal,path,86,0.2199999988079071,2.2455697059631348,0.0847092494368553,2.308099881889894,True
path,relu,zeros,cnn_zoo_new,cnn,0.0,86,20,1.0,0.0,0.0,2,6,adam,0,1.0,he_normal,path,86,0.23333333432674408,1.9863773584365845,0.0847092494368553,2.308099881889894,True
path,relu,zeros,cnn_zoo_new,cnn,0.0,86,20,1.0,0.0,0.0,2,6,adam,0,1.0,he_normal,path,86,0.1433333307504654,2.224693775177002,0.0847092494368553,2.308099881889894,True
path,relu,zeros,cnn_zoo_new,cnn,0.0,86,20,1.0,0.0,0.0,2,6,adam,0,1.0,he_normal,path,86,0.27666667103767395,2.0507471561431885,0.0847092494368553,2.308099881889894,True
path,relu,zeros,cnn_zoo_new,cnn,0.0,86,20,1.0,0.0,0.0,2,6,adam,0,1.0,he_normal,path,86,0.15000000596046448,2.2182047367095947,0.0847092494368553,2.308099881889894,True
path,relu,zeros,cnn_zoo_new,cnn,0.0,86,20,1.0,0.0,0.0,2,6,adam,0,1.0,he_normal,path,86,0.2933333218097687,2.1281583309173584,0.0847092494368553,2.308099881889894,True
path,relu,zeros,cnn_zoo_new,cnn,0.0,86,20,1.0,0.0,0.0,2,6,adam,0,1.0,he_normal,path,86,0.10000000149011612,2.228816270828247,0.0847092494368553,2.308099881889894,True
path,relu,zeros,cnn_zoo_new,cnn,0.0,86,20,1.0,0.0,0.0,2,6,adam,0,1.0,he_normal,path,86,0.27000001072883606,1.9785714149475098,0.0847092494368553,2.308099881889894,True
path,relu,zeros,cnn_zoo_new,cnn,0.0,86,20,1.0,0.0,0.0,2,6,adam,0,1.0,he_normal,path,86,0.15000000596046448,2.236109972000122,0.0847092494368553,2.308099881889894,True
path,relu,zeros,cnn_zoo_new,cnn,0.0,86,20,1.0,0.0,0.0,2,6,adam,0,1.0,he_normal,path,86,0.2266666740179062,2.197810411453247,0.0847092494368553,2.308099881889894,True
path,relu,zeros,cnn_zoo_new,cnn,0.0,86,20,1.0,0.0,0.0,2,6,adam,0,1.0,he_normal,path,86,0.11999999731779099,2.3005380630493164,0.0847092494368553,2.308099881889894,True
path,relu,zeros,cnn_zoo_new,cnn,0.0,86,20,1.0,0.0,0.0,2,6,adam,0,1.0,he_normal,path,86,0.2966666519641876,2.0149660110473633,0.0847092494368553,2.308099881889894,True
path,relu,zeros,cnn_zoo_new,cnn,0.0,86,20,1.0,0.0,0.0,2,6,adam,0,1.0,he_normal,path,86,0.14666666090488434,2.2831532955169678,0.0847092494368553,2.308099881889894,True
path,relu,zeros,cnn_zoo_new,cnn,0.0,86,20,1.0,0.0,0.0,2,6,adam,0,1.0,he_normal,path,86,0.22333332896232605,2.220548391342163,0.0847092494368553,2.308099881889894,True
path,relu,zeros,cnn_zoo_new,cnn,0.0,86,20,1.0,0.0,0.0,2,6,adam,0,1.0,he_normal,path,86,0.15000000596046448,2.2079412937164307,0.0847092494368553,2.308099881889894,True
path,relu,zeros,cnn_zoo_new,cnn,0.0,86,20,1.0,0.0,0.0,2,6,adam,0,1.0,he_normal,path,86,0.17000000178813934,2.195157766342163,0.0847092494368553,2.308099881889894,True
path,relu,zeros,cnn_zoo_new,cnn,0.0,86,20,1.0,0.0,0.0,2,6,adam,0,1.0,he_normal,path,86,0.20333333313465118,2.232996702194214,0.0847092494368553,2.308099881889894,True
path,relu,zeros,cnn_zoo_new,cnn,0.0,86,20,1.0,0.0,0.0,2,6,adam,0,1.0,he_normal,path,86,0.23999999463558197,1.9943829774856567,0.0847092494368553,2.308099881889894,True
path,relu,zeros,cnn_zoo_new,cnn,0.0,86,20,1.0,0.0,0.0,2,6,adam,0,1.0,he_normal,path,86,0.12333333492279053,2.2515852451324463,0.0847092494368553,2.308099881889894,True
path,relu,zeros,cnn_zoo_new,cnn,0.0,86,20,1.0,0.0,0.0,2,6,adam,0,1.0,he_normal,path,86,0.10999999940395355,2.2509138584136963,0.0847092494368553,2.308099881889894,True
path,relu,zeros,cnn_zoo_new,cnn,0.0,86,20,1.0,0.0,0.0,2,6,adam,0,1.0,he_normal,path,86,0.11999999731779099,2.2394914627075195,0.0847092494368553,2.308099881889894,True
path,relu,zeros,cnn_zoo_new,cnn,0.0,86,20,1.0,0.0,0.0,2,6,adam,0,1.0,he_normal,path,86,0.1366666704416275,2.292843818664551,0.0847092494368553,2.308099881889894,True
path,relu,zeros,cnn_zoo_new,cnn,0.0,86,20,1.0,0.0,0.0,2,6,adam,0,1.0,he_normal,path,86,0.21666666865348816,2.0610926151275635,0.0847092494368553,2.308099881889894,True
path,relu,zeros,cnn_zoo_new,cnn,0.0,86,20,1.0,0.0,0.0,2,6,adam,0,1.0,he_normal,path,86,0.13333334028720856,2.233189344406128,0.0847092494368553,2.308099881889894,True
path,relu,zeros,cnn_zoo_new,cnn,0.0,86,20,1.0,0.0,0.0,2,6,adam,0,1.0,he_normal,path,86,0.2266666740179062,2.0817697048187256,0.0847092494368553,2.308099881889894,True
path,relu,zeros,cnn_zoo_new,cnn,0.0,86,20,1.0,0.0,0.0,2,6,adam,0,1.0,he_normal,path,86,0.1666666716337204,2.2018911838531494,0.0847092494368553,2.308099881889894,True
path,relu,zeros,cnn_zoo_new,cnn,0.0,86,20,1.0,0.0,0.0,2,6,adam,0,1.0,he_normal,path,86,0.15000000596046448,2.291107177734375,0.0847092494368553,2.308099881889894,True
path,relu,zeros,cnn_zoo_new,cnn,0.0,86,20,1.0,0.0,0.0,2,6,adam,0,1.0,he_normal,path,86,0.1433333307504654,2.184804916381836,0.0847092494368553,2.308099881889894,True
path,relu,zeros,cnn_zoo_new,cnn,0.0,86,20,1.0,0.0,0.0,2,6,adam,0,1.0,he_normal,path,86,0.1599999964237213,2.233186960220337,0.0847092494368553,2.308099881889894,True
path,relu,zeros,cnn_zoo_new,cnn,0.0,86,20,1.0,0.0,0.0,2,6,adam,0,1.0,he_normal,path,86,0.09333333373069763,2.2988088130950928,0.0847092494368553,2.308099881889894,True
path,relu,zeros,cnn_zoo_new,cnn,0.0,86,20,1.0,0.0,0.0,2,6,adam,0,1.0,he_normal,path,86,0.1366666704416275,2.237131118774414,0.0847092494368553,2.308099881889894,True
path,relu,zeros,cnn_zoo_new,cnn,0.0,86,20,1.0,0.0,0.0,2,6,adam,0,1.0,he_normal,path,86,0.09666666388511658,2.291245222091675,0.0847092494368553,2.308099881889894,True
